id,time,item_id,user_id
1,2019-12-07 06:26:09.406369,94,37
2,2019-12-07 06:26:09.412365,73,21
3,2019-12-07 06:26:09.418385,422,4
4,2019-12-07 06:26:09.425378,231,8
5,2019-12-07 06:26:09.431375,230,8
6,2019-12-07 06:26:09.437371,229,8
7,2019-12-07 06:26:09.442368,228,8
8,2019-12-07 06:26:09.448363,143,8
9,2019-12-07 06:26:09.454359,137,8
10,2019-12-07 06:26:09.460354,355,4
11,2019-12-07 06:26:09.466349,356,4
12,2019-12-07 06:26:09.473345,48,4
13,2019-12-07 06:26:09.479341,35,19
14,2019-12-07 06:26:09.485337,104,19
15,2019-12-07 06:26:09.491363,73,21
16,2019-12-07 06:26:09.497359,73,21
17,2019-12-07 06:26:09.503356,232,8
18,2019-12-07 06:26:09.509350,421,4
19,2019-12-07 06:26:09.514347,78,24
20,2019-12-07 06:26:09.521343,78,24
21,2019-12-07 06:26:09.528341,78,21
22,2019-12-07 06:26:09.535332,73,21
23,2019-12-07 06:26:09.541327,78,21
24,2019-12-07 06:26:09.547324,73,21
25,2019-12-07 06:26:09.553319,464,21
26,2019-12-07 06:26:09.560315,73,21
27,2019-12-07 06:26:09.566312,41,11
28,2019-12-07 06:26:09.572308,394,42
29,2019-12-07 06:26:09.577303,239,11
30,2019-12-07 06:26:09.583906,464,11
31,2019-12-07 06:26:09.589904,234,42
32,2019-12-07 06:26:09.596316,94,37
33,2019-12-07 06:26:09.601312,397,42
34,2019-12-07 06:26:09.606309,95,37
35,2019-12-07 06:26:09.612304,195,37
36,2019-12-07 06:26:09.619299,236,11
37,2019-12-07 06:26:09.625294,235,42
38,2019-12-07 06:26:09.632293,237,11
39,2019-12-07 06:26:09.638286,238,11
40,2019-12-07 06:26:09.645281,456,42
41,2019-12-07 06:26:09.652276,399,42
42,2019-12-07 06:26:09.658271,73,21
43,2019-12-07 06:26:09.664269,242,30
44,2019-12-07 06:26:09.670263,241,30
45,2019-12-07 06:26:09.676259,355,4
46,2019-12-07 06:26:09.682255,357,4
47,2019-12-07 06:26:09.687252,73,21
48,2019-12-07 06:26:09.694246,240,30
49,2019-12-07 06:26:09.700242,243,30
50,2019-12-07 06:26:09.707238,73,21
51,2019-12-07 06:26:09.714232,73,21
52,2019-12-07 06:26:09.721231,421,4
53,2019-12-07 06:26:09.728225,208,41
54,2019-12-07 06:26:09.735218,210,41
55,2019-12-07 06:26:09.742212,5,41
56,2019-12-07 06:26:09.749208,247,40
57,2019-12-07 06:26:09.756204,211,41
58,2019-12-07 06:26:09.763198,212,41
59,2019-12-07 06:26:09.770193,209,41
60,2019-12-07 06:26:09.777189,213,41
61,2019-12-07 06:26:09.783184,246,40
62,2019-12-07 06:26:09.790179,245,32
63,2019-12-07 06:26:09.796174,202,41
64,2019-12-07 06:26:09.802172,409,5
65,2019-12-07 06:26:09.808166,136,40
66,2019-12-07 06:26:09.813163,135,40
67,2019-12-07 06:26:09.819158,408,5
68,2019-12-07 06:26:09.825154,408,5
69,2019-12-07 06:26:09.830152,244,32
70,2019-12-07 06:26:09.836146,414,41
71,2019-12-07 06:26:09.842142,354,5
72,2019-12-07 06:26:09.847138,248,27
73,2019-12-07 06:26:09.853135,435,5
74,2019-12-07 06:26:09.858131,66,5
75,2019-12-07 06:26:09.864056,98,24
76,2019-12-07 06:26:09.869978,98,24
77,2019-12-07 06:26:09.875976,73,11
78,2019-12-07 06:26:09.880972,89,11
79,2019-12-07 06:26:09.886151,464,11
80,2019-12-07 06:26:09.891154,34,24
81,2019-12-07 06:26:09.897153,73,21
82,2019-12-07 06:26:09.903158,41,24
83,2019-12-07 06:26:09.908154,73,21
84,2019-12-07 06:26:09.913158,34,24
85,2019-12-07 06:26:09.919158,34,24
86,2019-12-07 06:26:09.924153,136,40
87,2019-12-07 06:26:09.930150,34,24
88,2019-12-07 06:26:09.936146,34,44
89,2019-12-07 06:26:09.941142,34,44
90,2019-12-07 06:26:09.951135,34,44
91,2019-12-07 06:26:09.957131,215,16
92,2019-12-07 06:26:09.962127,34,24
93,2019-12-07 06:26:09.968122,105,19
94,2019-12-07 06:26:09.973120,35,19
95,2019-12-07 06:26:09.979116,135,40
96,2019-12-07 06:26:09.984112,254,11
97,2019-12-07 06:26:09.990108,34,24
98,2019-12-07 06:26:09.995103,53,11
99,2019-12-07 06:26:10.001100,34,24
100,2019-12-07 06:26:10.007098,249,11
101,2019-12-07 06:26:10.013100,252,11
102,2019-12-07 06:26:10.019089,253,11
103,2019-12-07 06:26:10.025084,250,11
104,2019-12-07 06:26:10.030080,255,11
105,2019-12-07 06:26:10.035076,251,11
106,2019-12-07 06:26:10.040073,33,11
107,2019-12-07 06:26:10.046076,88,11
108,2019-12-07 06:26:10.052064,139,11
109,2019-12-07 06:26:10.058060,73,21
110,2019-12-07 06:26:10.064056,34,24
111,2019-12-07 06:26:10.069052,73,21
112,2019-12-07 06:26:10.075059,34,24
113,2019-12-07 06:26:10.080044,34,24
114,2019-12-07 06:26:10.086627,264,14
115,2019-12-07 06:26:10.091625,265,14
116,2019-12-07 06:26:10.097157,256,14
117,2019-12-07 06:26:10.103153,263,14
118,2019-12-07 06:26:10.108149,34,24
119,2019-12-07 06:26:10.114146,73,24
120,2019-12-07 06:26:10.119141,34,24
121,2019-12-07 06:26:10.125138,73,21
122,2019-12-07 06:26:10.131134,256,14
123,2019-12-07 06:26:10.136129,258,14
124,2019-12-07 06:26:10.142126,76,14
125,2019-12-07 06:26:10.147121,261,14
126,2019-12-07 06:26:10.153117,259,14
127,2019-12-07 06:26:10.158115,262,14
128,2019-12-07 06:26:10.164111,73,2
129,2019-12-07 06:26:10.170106,257,14
130,2019-12-07 06:26:10.176102,75,14
131,2019-12-07 06:26:10.181099,267,14
132,2019-12-07 06:26:10.187095,263,14
133,2019-12-07 06:26:10.192090,266,14
134,2019-12-07 06:26:10.198087,270,14
135,2019-12-07 06:26:10.203082,271,14
136,2019-12-07 06:26:10.208079,72,2
137,2019-12-07 06:26:10.214076,260,14
138,2019-12-07 06:26:10.220071,268,14
139,2019-12-07 06:26:10.225069,269,14
140,2019-12-07 06:26:10.232062,265,14
141,2019-12-07 06:26:10.239060,34,24
142,2019-12-07 06:26:10.246053,41,24
143,2019-12-07 06:26:10.252048,34,24
144,2019-12-07 06:26:10.259045,41,24
145,2019-12-07 06:26:10.266038,41,24
146,2019-12-07 06:26:10.272035,162,3
147,2019-12-07 06:26:10.279029,91,3
148,2019-12-07 06:26:10.286024,355,3
149,2019-12-07 06:26:10.292020,93,3
150,2019-12-07 06:26:10.298019,160,3
151,2019-12-07 06:26:10.304013,163,3
152,2019-12-07 06:26:10.311006,475,3
153,2019-12-07 06:26:10.318002,357,3
154,2019-12-07 06:26:10.323997,421,3
155,2019-12-07 06:26:10.330992,357,3
156,2019-12-07 06:26:10.337988,443,3
157,2019-12-07 06:26:10.343983,466,3
158,2019-12-07 06:26:10.350979,90,3
159,2019-12-07 06:26:10.357973,355,3
160,2019-12-07 06:26:10.364969,402,3
161,2019-12-07 06:26:10.371964,467,3
162,2019-12-07 06:26:10.377959,92,3
163,2019-12-07 06:26:10.383955,402,3
164,2019-12-07 06:26:10.390950,466,3
165,2019-12-07 06:26:10.396946,421,3
166,2019-12-07 06:26:10.402941,401,3
167,2019-12-07 06:26:10.409937,474,3
168,2019-12-07 06:26:10.416932,401,3
169,2019-12-07 06:26:10.422928,402,3
170,2019-12-07 06:26:10.429923,472,3
171,2019-12-07 06:26:10.436918,467,3
172,2019-12-07 06:26:10.442914,401,3
173,2019-12-07 06:26:10.449909,402,3
174,2019-12-07 06:26:10.455905,466,3
175,2019-12-07 06:26:10.461900,401,3
176,2019-12-07 06:26:10.467896,41,24
177,2019-12-07 06:26:10.474891,34,24
178,2019-12-07 06:26:10.480887,41,24
179,2019-12-07 06:26:10.486883,41,24
180,2019-12-07 06:26:10.492878,47,5
181,2019-12-07 06:26:10.498874,49,5
182,2019-12-07 06:26:10.504872,420,5
183,2019-12-07 06:26:10.510866,34,24
184,2019-12-07 06:26:10.516862,272,43
185,2019-12-07 06:26:10.523857,275,43
186,2019-12-07 06:26:10.530852,276,43
187,2019-12-07 06:26:10.537848,277,43
188,2019-12-07 06:26:10.543843,274,43
189,2019-12-07 06:26:10.551837,273,43
190,2019-12-07 06:26:10.558832,280,43
191,2019-12-07 06:26:10.564828,72,24
192,2019-12-07 06:26:10.570824,72,24
193,2019-12-07 06:26:10.577819,34,24
194,2019-12-07 06:26:10.584814,72,24
195,2019-12-07 06:26:10.590810,72,24
196,2019-12-07 06:26:10.596806,72,24
197,2019-12-07 06:26:10.602802,219,11
198,2019-12-07 06:26:10.609797,277,11
199,2019-12-07 06:26:10.616792,275,11
200,2019-12-07 06:26:10.622787,274,11
201,2019-12-07 06:26:10.629782,273,11
202,2019-12-07 06:26:10.635779,276,11
203,2019-12-07 06:26:10.644771,233,4
204,2019-12-07 06:26:10.650768,218,11
205,2019-12-07 06:26:10.656764,180,4
206,2019-12-07 06:26:10.661760,278,11
207,2019-12-07 06:26:10.667756,272,11
208,2019-12-07 06:26:10.672752,457,4
209,2019-12-07 06:26:10.678748,355,4
210,2019-12-07 06:26:10.684744,158,4
211,2019-12-07 06:26:10.689741,92,3
212,2019-12-07 06:26:10.694613,163,4
213,2019-12-07 06:26:10.700713,91,3
214,2019-12-07 06:26:10.705711,421,4
215,2019-12-07 06:26:10.710705,453,4
216,2019-12-07 06:26:10.716704,454,4
217,2019-12-07 06:26:10.722698,472,4
218,2019-12-07 06:26:10.728451,135,40
219,2019-12-07 06:26:10.734447,471,4
220,2019-12-07 06:26:10.740443,90,3
221,2019-12-07 06:26:10.747438,473,4
222,2019-12-07 06:26:10.752435,474,4
223,2019-12-07 06:26:10.758429,475,4
224,2019-12-07 06:26:10.763426,136,40
225,2019-12-07 06:26:10.768423,402,3
226,2019-12-07 06:26:10.774418,93,3
227,2019-12-07 06:26:10.780413,395,4
228,2019-12-07 06:26:10.786410,470,4
229,2019-12-07 06:26:10.791406,120,4
230,2019-12-07 06:26:10.796427,101,4
231,2019-12-07 06:26:10.802420,9,4
232,2019-12-07 06:26:10.807416,452,4
233,2019-12-07 06:26:10.812413,469,4
234,2019-12-07 06:26:10.818408,443,3
235,2019-12-07 06:26:10.823405,422,4
236,2019-12-07 06:26:10.828402,8,4
237,2019-12-07 06:26:10.834398,390,4
238,2019-12-07 06:26:10.839394,357,4
239,2019-12-07 06:26:10.845389,356,4
240,2019-12-07 06:26:10.851406,401,3
241,2019-12-07 06:26:10.856403,391,4
242,2019-12-07 06:26:10.862408,161,4
243,2019-12-07 06:26:10.868395,160,4
244,2019-12-07 06:26:10.873392,392,4
245,2019-12-07 06:26:10.879388,159,4
246,2019-12-07 06:26:10.884402,156,4
247,2019-12-07 06:26:10.889399,119,4
248,2019-12-07 06:26:10.895721,118,4
249,2019-12-07 06:26:10.900696,102,4
250,2019-12-07 06:26:10.906691,48,4
251,2019-12-07 06:26:10.912688,162,4
252,2019-12-07 06:26:10.918684,173,15
253,2019-12-07 06:26:10.924655,443,3
254,2019-12-07 06:26:10.929652,93,3
255,2019-12-07 06:26:10.936647,90,3
256,2019-12-07 06:26:10.942642,91,3
257,2019-12-07 06:26:10.948637,92,3
258,2019-12-07 06:26:10.954633,285,11
259,2019-12-07 06:26:10.960630,402,5
260,2019-12-07 06:26:10.966626,286,11
261,2019-12-07 06:26:10.971622,284,11
262,2019-12-07 06:26:10.977618,283,11
263,2019-12-07 06:26:10.983613,281,11
264,2019-12-07 06:26:10.988611,216,11
265,2019-12-07 06:26:10.994605,401,5
266,2019-12-07 06:26:10.999905,466,5
267,2019-12-07 06:26:11.006901,282,11
268,2019-12-07 06:26:11.012895,288,0
269,2019-12-07 06:26:11.017891,421,4
270,2019-12-07 06:26:11.023887,355,4
271,2019-12-07 06:26:11.029310,421,4
272,2019-12-07 06:26:11.037304,357,4
273,2019-12-07 06:26:11.047302,355,4
274,2019-12-07 06:26:11.053306,421,4
275,2019-12-07 06:26:11.059189,355,4
276,2019-12-07 06:26:11.064184,357,4
277,2019-12-07 06:26:11.070227,355,4
278,2019-12-07 06:26:11.076223,421,4
279,2019-12-07 06:26:11.081995,357,4
280,2019-12-07 06:26:11.086990,357,4
281,2019-12-07 06:26:11.092985,355,4
282,2019-12-07 06:26:11.098981,421,4
283,2019-12-07 06:26:11.103977,287,0
284,2019-12-07 06:26:11.109973,357,4
285,2019-12-07 06:26:11.115969,356,4
286,2019-12-07 06:26:11.121964,357,4
287,2019-12-07 06:26:11.128960,421,4
288,2019-12-07 06:26:11.135955,356,4
289,2019-12-07 06:26:11.140951,355,4
290,2019-12-07 06:26:11.146947,421,4
291,2019-12-07 06:26:11.151943,355,4
292,2019-12-07 06:26:11.157941,356,4
293,2019-12-07 06:26:11.163936,421,4
294,2019-12-07 06:26:11.169932,357,4
295,2019-12-07 06:26:11.175929,355,4
296,2019-12-07 06:26:11.180923,421,4
297,2019-12-07 06:26:11.186920,355,4
298,2019-12-07 06:26:11.192916,355,4
299,2019-12-07 06:26:11.198846,357,4
300,2019-12-07 06:26:11.203844,421,4
301,2019-12-07 06:26:11.209839,171,15
302,2019-12-07 06:26:11.214835,172,15
303,2019-12-07 06:26:11.220831,175,15
304,2019-12-07 06:26:11.226826,173,15
305,2019-12-07 06:26:11.231823,297,34
306,2019-12-07 06:26:11.237818,216,41
307,2019-12-07 06:26:11.243944,278,11
308,2019-12-07 06:26:11.249939,289,11
309,2019-12-07 06:26:11.254936,291,11
310,2019-12-07 06:26:11.260931,251,41
311,2019-12-07 06:26:11.265927,292,11
312,2019-12-07 06:26:11.271923,279,41
313,2019-12-07 06:26:11.277919,293,41
314,2019-12-07 06:26:11.282915,290,11
315,2019-12-07 06:26:11.288911,483,5
316,2019-12-07 06:26:11.293908,49,5
317,2019-12-07 06:26:11.299903,483,5
318,2019-12-07 06:26:11.305899,47,5
319,2019-12-07 06:26:11.310896,410,5
320,2019-12-07 06:26:11.316891,185,5
321,2019-12-07 06:26:11.322887,420,5
322,2019-12-07 06:26:11.328883,185,5
323,2019-12-07 06:26:11.333879,410,5
324,2019-12-07 06:26:11.339875,171,33
325,2019-12-07 06:26:11.345871,175,33
326,2019-12-07 06:26:11.350868,172,33
327,2019-12-07 06:26:11.356863,175,33
328,2019-12-07 06:26:11.362859,171,33
329,2019-12-07 06:26:11.367857,391,4
330,2019-12-07 06:26:11.373852,48,4
331,2019-12-07 06:26:11.378848,453,4
332,2019-12-07 06:26:11.384844,357,4
333,2019-12-07 06:26:11.389840,355,4
334,2019-12-07 06:26:11.395836,48,4
335,2019-12-07 06:26:11.400832,101,4
336,2019-12-07 06:26:11.405829,421,4
337,2019-12-07 06:26:11.411825,422,4
338,2019-12-07 06:26:11.416822,8,4
339,2019-12-07 06:26:11.422817,102,4
340,2019-12-07 06:26:11.427814,8,4
341,2019-12-07 06:26:11.432810,390,4
342,2019-12-07 06:26:11.438806,395,4
343,2019-12-07 06:26:11.444802,452,4
344,2019-12-07 06:26:11.449798,422,4
345,2019-12-07 06:26:11.454794,101,4
346,2019-12-07 06:26:11.460791,173,15
347,2019-12-07 06:26:11.466786,175,15
348,2019-12-07 06:26:11.471783,172,15
349,2019-12-07 06:26:11.477779,171,15
350,2019-12-07 06:26:11.482776,119,4
351,2019-12-07 06:26:11.488771,457,4
352,2019-12-07 06:26:11.493768,9,4
353,2019-12-07 06:26:11.498764,457,4
354,2019-12-07 06:26:11.504760,454,4
355,2019-12-07 06:26:11.510756,392,4
356,2019-12-07 06:26:11.515752,120,4
357,2019-12-07 06:26:11.521748,118,4
358,2019-12-07 06:26:11.528743,395,4
359,2019-12-07 06:26:11.534739,452,4
360,2019-12-07 06:26:11.540735,392,4
361,2019-12-07 06:26:11.546730,391,4
362,2019-12-07 06:26:11.552726,390,4
363,2019-12-07 06:26:11.557722,120,4
364,2019-12-07 06:26:11.563718,119,4
365,2019-12-07 06:26:11.569714,9,4
366,2019-12-07 06:26:11.574710,453,4
367,2019-12-07 06:26:11.580706,296,11
368,2019-12-07 06:26:11.585703,220,11
369,2019-12-07 06:26:11.591698,278,11
370,2019-12-07 06:26:11.597694,161,4
371,2019-12-07 06:26:11.602699,160,4
372,2019-12-07 06:26:11.607687,159,4
373,2019-12-07 06:26:11.613683,163,4
374,2019-12-07 06:26:11.619679,48,4
375,2019-12-07 06:26:11.624675,471,4
376,2019-12-07 06:26:11.630671,295,11
377,2019-12-07 06:26:11.636667,469,4
378,2019-12-07 06:26:11.641664,252,11
379,2019-12-07 06:26:11.647660,156,4
380,2019-12-07 06:26:11.652656,475,4
381,2019-12-07 06:26:11.657652,158,4
382,2019-12-07 06:26:11.663649,422,4
383,2019-12-07 06:26:11.668645,162,4
384,2019-12-07 06:26:11.673640,474,4
385,2019-12-07 06:26:11.679637,472,4
386,2019-12-07 06:26:11.684634,473,4
387,2019-12-07 06:26:11.689630,470,4
388,2019-12-07 06:26:11.695625,141,15
389,2019-12-07 06:26:11.700622,169,15
390,2019-12-07 06:26:11.705618,167,15
391,2019-12-07 06:26:11.711615,142,15
392,2019-12-07 06:26:11.716611,166,15
393,2019-12-07 06:26:11.722607,165,15
394,2019-12-07 06:26:11.728602,164,15
395,2019-12-07 06:26:11.734599,140,15
396,2019-12-07 06:26:11.740594,175,15
397,2019-12-07 06:26:11.747589,172,15
398,2019-12-07 06:26:11.753585,171,15
399,2019-12-07 06:26:11.760580,174,15
400,2019-12-07 06:26:11.766576,170,15
401,2019-12-07 06:26:11.772571,168,15
402,2019-12-07 06:26:11.779566,154,5
403,2019-12-07 06:26:11.785563,454,4
404,2019-12-07 06:26:11.792557,162,5
405,2019-12-07 06:26:11.799553,420,5
406,2019-12-07 06:26:11.804563,49,5
407,2019-12-07 06:26:11.810545,155,5
408,2019-12-07 06:26:11.816540,47,5
409,2019-12-07 06:26:11.821537,118,4
410,2019-12-07 06:26:11.827533,164,33
411,2019-12-07 06:26:11.833529,167,33
412,2019-12-07 06:26:11.839524,165,33
413,2019-12-07 06:26:11.845520,166,33
414,2019-12-07 06:26:11.850517,173,33
415,2019-12-07 06:26:11.856512,171,33
416,2019-12-07 06:26:11.861509,172,33
417,2019-12-07 06:26:11.866505,175,33
418,2019-12-07 06:26:11.872501,40,24
419,2019-12-07 06:26:11.877500,38,21
420,2019-12-07 06:26:11.882494,38,23
421,2019-12-07 06:26:11.888491,38,21
422,2019-12-07 06:26:11.893487,40,24
423,2019-12-07 06:26:11.898483,40,24
424,2019-12-07 06:26:11.903480,142,33
425,2019-12-07 06:26:11.909475,40,24
426,2019-12-07 06:26:11.915471,140,33
427,2019-12-07 06:26:11.921466,141,33
428,2019-12-07 06:26:11.926463,40,24
429,2019-12-07 06:26:11.931459,40,24
430,2019-12-07 06:26:11.937398,299,30
431,2019-12-07 06:26:11.943395,300,30
432,2019-12-07 06:26:11.948392,298,30
433,2019-12-07 06:26:11.954387,173,33
434,2019-12-07 06:26:11.960382,38,21
435,2019-12-07 06:26:11.966378,38,21
436,2019-12-07 06:26:11.971375,38,21
437,2019-12-07 06:26:11.977371,38,21
438,2019-12-07 06:26:11.983365,38,21
439,2019-12-07 06:26:11.989362,45,25
440,2019-12-07 06:26:11.994359,45,25
441,2019-12-07 06:26:12.000354,172,33
442,2019-12-07 06:26:12.006351,175,33
443,2019-12-07 06:26:12.011347,45,25
444,2019-12-07 06:26:12.017342,173,33
445,2019-12-07 06:26:12.023337,171,33
446,2019-12-07 06:26:12.029575,175,33
447,2019-12-07 06:26:12.034573,171,33
448,2019-12-07 06:26:12.040568,45,25
449,2019-12-07 06:26:12.046563,172,33
450,2019-12-07 06:26:12.052387,44,0
451,2019-12-07 06:26:12.058382,303,34
452,2019-12-07 06:26:12.063378,297,34
453,2019-12-07 06:26:12.069381,402,5
454,2019-12-07 06:26:12.079378,420,5
455,2019-12-07 06:26:12.085415,42,0
456,2019-12-07 06:26:12.091217,24,0
457,2019-12-07 06:26:12.096214,401,5
458,2019-12-07 06:26:12.102209,466,5
459,2019-12-07 06:26:12.107207,49,5
460,2019-12-07 06:26:12.112320,47,5
461,2019-12-07 06:26:12.117318,304,34
462,2019-12-07 06:26:12.123314,23,24
463,2019-12-07 06:26:12.128405,26,23
464,2019-12-07 06:26:12.134329,26,23
465,2019-12-07 06:26:12.140323,23,24
466,2019-12-07 06:26:12.152283,23,24
467,2019-12-07 06:26:12.159279,26,21
468,2019-12-07 06:26:12.164284,26,21
469,2019-12-07 06:26:12.170270,23,24
470,2019-12-07 06:26:12.176274,26,21
471,2019-12-07 06:26:12.182263,26,21
472,2019-12-07 06:26:12.187259,23,24
473,2019-12-07 06:26:12.193255,23,24
474,2019-12-07 06:26:12.199251,23,24
475,2019-12-07 06:26:12.204247,23,24
476,2019-12-07 06:26:12.210243,45,25
477,2019-12-07 06:26:12.215239,26,21
478,2019-12-07 06:26:12.221202,361,7
479,2019-12-07 06:26:12.227198,427,7
480,2019-12-07 06:26:12.233194,369,7
481,2019-12-07 06:26:12.238191,185,5
482,2019-12-07 06:26:12.243193,367,7
483,2019-12-07 06:26:12.249193,369,7
484,2019-12-07 06:26:12.255189,410,5
485,2019-12-07 06:26:12.260185,363,7
486,2019-12-07 06:26:12.266372,410,5
487,2019-12-07 06:26:12.272367,361,7
488,2019-12-07 06:26:12.277363,483,5
489,2019-12-07 06:26:12.283360,47,5
490,2019-12-07 06:26:12.288354,49,5
491,2019-12-07 06:26:12.294351,365,7
492,2019-12-07 06:26:12.300324,363,7
493,2019-12-07 06:26:12.306319,483,5
494,2019-12-07 06:26:12.312178,363,7
495,2019-12-07 06:26:12.318175,367,7
496,2019-12-07 06:26:12.324170,224,30
497,2019-12-07 06:26:12.329805,361,7
498,2019-12-07 06:26:12.335802,427,7
499,2019-12-07 06:26:12.340796,365,7
500,2019-12-07 06:26:12.346794,367,7
501,2019-12-07 06:26:12.352243,369,7
502,2019-12-07 06:26:12.357241,369,7
503,2019-12-07 06:26:12.363201,367,7
504,2019-12-07 06:26:12.368824,369,7
505,2019-12-07 06:26:12.374252,363,7
506,2019-12-07 06:26:12.380247,427,7
507,2019-12-07 06:26:12.386244,420,5
508,2019-12-07 06:26:12.391697,185,5
509,2019-12-07 06:26:12.397237,427,7
510,2019-12-07 06:26:12.403234,361,7
511,2019-12-07 06:26:12.409229,363,7
512,2019-12-07 06:26:12.413514,365,7
513,2019-12-07 06:26:12.419833,365,7
514,2019-12-07 06:26:12.426220,361,7
515,2019-12-07 06:26:12.431215,427,7
516,2019-12-07 06:26:12.441223,367,7
517,2019-12-07 06:26:12.453288,365,7
518,2019-12-07 06:26:12.459214,40,24
519,2019-12-07 06:26:12.464402,45,25
520,2019-12-07 06:26:12.470681,45,25
521,2019-12-07 06:26:12.475677,40,24
522,2019-12-07 06:26:12.481929,40,24
523,2019-12-07 06:26:12.487924,40,24
524,2019-12-07 06:26:12.493403,40,24
525,2019-12-07 06:26:12.499294,40,24
526,2019-12-07 06:26:12.506289,439,28
527,2019-12-07 06:26:12.512284,70,28
528,2019-12-07 06:26:12.518279,303,34
529,2019-12-07 06:26:12.524275,70,28
530,2019-12-07 06:26:12.529272,439,28
531,2019-12-07 06:26:12.536266,491,34
532,2019-12-07 06:26:12.542890,38,21
533,2019-12-07 06:26:12.547885,38,21
534,2019-12-07 06:26:12.553907,23,24
535,2019-12-07 06:26:12.559903,40,24
536,2019-12-07 06:26:12.566087,38,23
537,2019-12-07 06:26:12.572083,38,23
538,2019-12-07 06:26:12.577984,38,23
539,2019-12-07 06:26:12.582988,38,23
540,2019-12-07 06:26:12.588930,27,11
541,2019-12-07 06:26:12.594927,40,24
542,2019-12-07 06:26:12.600893,40,24
543,2019-12-07 06:26:12.605889,40,24
544,2019-12-07 06:26:12.611885,40,24
545,2019-12-07 06:26:12.617881,23,24
546,2019-12-07 06:26:12.622878,23,24
547,2019-12-07 06:26:12.628873,39,11
548,2019-12-07 06:26:12.634869,25,11
549,2019-12-07 06:26:12.640865,359,37
550,2019-12-07 06:26:12.645861,358,37
551,2019-12-07 06:26:12.651858,360,37
552,2019-12-07 06:26:12.657853,388,37
553,2019-12-07 06:26:12.663849,449,37
554,2019-12-07 06:26:12.668845,406,37
555,2019-12-07 06:26:12.674841,405,37
556,2019-12-07 06:26:12.680916,407,37
557,2019-12-07 06:26:12.686845,423,37
558,2019-12-07 06:26:12.692673,389,37
559,2019-12-07 06:26:12.697772,94,37
560,2019-12-07 06:26:12.703770,478,37
561,2019-12-07 06:26:12.709765,38,21
562,2019-12-07 06:26:12.714760,38,21
563,2019-12-07 06:26:12.720757,38,21
564,2019-12-07 06:26:12.726759,26,23
565,2019-12-07 06:26:12.731757,38,21
566,2019-12-07 06:26:12.737746,40,24
567,2019-12-07 06:26:12.743741,26,23
568,2019-12-07 06:26:12.749737,40,24
569,2019-12-07 06:26:12.754732,26,23
570,2019-12-07 06:26:12.760729,40,24
571,2019-12-07 06:26:12.765725,40,24
572,2019-12-07 06:26:12.771720,40,24
573,2019-12-07 06:26:12.776719,40,24
574,2019-12-07 06:26:12.782718,23,24
575,2019-12-07 06:26:12.787709,40,24
576,2019-12-07 06:26:12.793706,40,24
577,2019-12-07 06:26:12.798498,38,21
578,2019-12-07 06:26:12.804494,40,24
579,2019-12-07 06:26:12.809493,224,31
580,2019-12-07 06:26:12.816487,26,21
581,2019-12-07 06:26:12.821915,40,24
582,2019-12-07 06:26:12.826653,40,24
583,2019-12-07 06:26:12.832653,40,24
584,2019-12-07 06:26:12.838648,38,23
585,2019-12-07 06:26:12.844655,38,23
586,2019-12-07 06:26:12.850655,38,23
587,2019-12-07 06:26:12.856652,38,21
588,2019-12-07 06:26:12.861648,38,23
589,2019-12-07 06:26:12.867903,175,33
590,2019-12-07 06:26:12.873898,86,29
591,2019-12-07 06:26:12.878703,85,29
592,2019-12-07 06:26:12.884697,441,29
593,2019-12-07 06:26:12.889696,38,23
594,2019-12-07 06:26:12.895690,38,21
595,2019-12-07 06:26:12.900688,38,21
596,2019-12-07 06:26:12.906683,171,33
597,2019-12-07 06:26:12.912441,172,33
598,2019-12-07 06:26:12.917440,420,5
599,2019-12-07 06:26:12.924487,173,33
600,2019-12-07 06:26:12.929697,38,21
601,2019-12-07 06:26:12.935446,40,24
602,2019-12-07 06:26:12.941362,413,29
603,2019-12-07 06:26:12.946357,13,29
604,2019-12-07 06:26:12.952353,23,24
605,2019-12-07 06:26:12.957357,23,24
606,2019-12-07 06:26:12.963346,82,29
607,2019-12-07 06:26:12.968341,49,5
608,2019-12-07 06:26:12.974338,47,5
609,2019-12-07 06:26:12.980332,14,29
610,2019-12-07 06:26:12.986329,40,24
611,2019-12-07 06:26:12.991326,26,21
612,2019-12-07 06:26:12.997296,26,21
613,2019-12-07 06:26:13.003292,26,21
614,2019-12-07 06:26:13.009292,38,21
615,2019-12-07 06:26:13.015292,307,11
616,2019-12-07 06:26:13.021287,308,11
617,2019-12-07 06:26:13.026283,38,21
618,2019-12-07 06:26:13.032280,282,11
619,2019-12-07 06:26:13.038276,40,24
620,2019-12-07 06:26:13.043321,26,21
621,2019-12-07 06:26:13.048930,440,11
622,2019-12-07 06:26:13.054935,38,21
623,2019-12-07 06:26:13.059931,26,21
624,2019-12-07 06:26:13.066926,1,26
625,2019-12-07 06:26:13.072922,0,26
626,2019-12-07 06:26:13.078917,3,26
627,2019-12-07 06:26:13.085914,38,21
628,2019-12-07 06:26:13.091909,40,24
629,2019-12-07 06:26:13.098905,23,24
630,2019-12-07 06:26:13.104899,37,29
631,2019-12-07 06:26:13.109895,36,29
632,2019-12-07 06:26:13.115725,193,14
633,2019-12-07 06:26:13.121719,2,14
634,2019-12-07 06:26:13.126886,114,14
635,2019-12-07 06:26:13.131882,109,14
636,2019-12-07 06:26:13.146890,416,14
637,2019-12-07 06:26:13.152886,485,14
638,2019-12-07 06:26:13.158884,379,14
639,2019-12-07 06:26:13.164879,190,14
640,2019-12-07 06:26:13.170875,191,14
641,2019-12-07 06:26:13.176870,349,14
642,2019-12-07 06:26:13.181867,347,14
643,2019-12-07 06:26:13.187861,45,25
644,2019-12-07 06:26:13.193874,444,14
645,2019-12-07 06:26:13.199874,45,25
646,2019-12-07 06:26:13.205870,351,14
647,2019-12-07 06:26:13.210905,45,25
648,2019-12-07 06:26:13.216902,348,14
649,2019-12-07 06:26:13.222898,45,25
650,2019-12-07 06:26:13.228895,350,14
651,2019-12-07 06:26:13.234441,45,25
652,2019-12-07 06:26:13.239436,40,24
653,2019-12-07 06:26:13.245890,45,25
654,2019-12-07 06:26:13.250885,45,25
655,2019-12-07 06:26:13.255881,23,24
656,2019-12-07 06:26:13.261877,40,24
657,2019-12-07 06:26:13.266874,273,17
658,2019-12-07 06:26:13.272870,275,17
659,2019-12-07 06:26:13.277875,276,17
660,2019-12-07 06:26:13.282864,311,17
661,2019-12-07 06:26:13.288859,309,17
662,2019-12-07 06:26:13.293855,274,17
663,2019-12-07 06:26:13.298852,272,17
664,2019-12-07 06:26:13.303856,310,17
665,2019-12-07 06:26:13.309838,26,23
666,2019-12-07 06:26:13.315834,26,23
667,2019-12-07 06:26:13.320848,450,12
668,2019-12-07 06:26:13.325844,417,12
669,2019-12-07 06:26:13.331841,58,12
670,2019-12-07 06:26:13.337836,57,12
671,2019-12-07 06:26:13.342943,438,12
672,2019-12-07 06:26:13.349387,476,12
673,2019-12-07 06:26:13.354920,7,12
674,2019-12-07 06:26:13.360491,428,12
675,2019-12-07 06:26:13.365487,432,12
676,2019-12-07 06:26:13.370925,18,12
677,2019-12-07 06:26:13.376921,64,12
678,2019-12-07 06:26:13.382924,69,12
679,2019-12-07 06:26:13.387924,115,12
680,2019-12-07 06:26:13.393946,116,12
681,2019-12-07 06:26:13.398943,124,12
682,2019-12-07 06:26:13.404939,176,12
683,2019-12-07 06:26:13.409940,177,12
684,2019-12-07 06:26:13.415931,204,12
685,2019-12-07 06:26:13.420927,38,21
686,2019-12-07 06:26:13.426924,23,24
687,2019-12-07 06:26:13.431921,38,23
688,2019-12-07 06:26:13.436917,40,24
689,2019-12-07 06:26:13.442912,38,21
690,2019-12-07 06:26:13.447909,45,25
691,2019-12-07 06:26:13.452905,302,31
692,2019-12-07 06:26:13.458895,38,23
693,2019-12-07 06:26:13.463892,45,25
694,2019-12-07 06:26:13.468888,294,31
695,2019-12-07 06:26:13.473885,298,31
696,2019-12-07 06:26:13.478882,300,31
697,2019-12-07 06:26:13.484877,301,31
698,2019-12-07 06:26:13.489881,312,31
699,2019-12-07 06:26:13.494881,45,25
700,2019-12-07 06:26:13.500877,45,25
701,2019-12-07 06:26:13.505872,224,31
702,2019-12-07 06:26:13.510869,181,31
703,2019-12-07 06:26:13.516865,45,25
704,2019-12-07 06:26:13.521861,40,24
705,2019-12-07 06:26:13.527857,23,24
706,2019-12-07 06:26:13.534854,26,23
707,2019-12-07 06:26:13.540850,40,24
708,2019-12-07 06:26:13.546845,23,24
709,2019-12-07 06:26:13.551856,45,25
710,2019-12-07 06:26:13.557851,45,25
711,2019-12-07 06:26:13.563869,45,25
712,2019-12-07 06:26:13.569868,26,21
713,2019-12-07 06:26:13.575863,127,37
714,2019-12-07 06:26:13.582858,484,37
715,2019-12-07 06:26:13.588859,189,37
716,2019-12-07 06:26:13.594858,305,27
717,2019-12-07 06:26:13.600896,227,27
718,2019-12-07 06:26:13.605893,223,27
719,2019-12-07 06:26:13.611888,294,27
720,2019-12-07 06:26:13.616886,431,37
721,2019-12-07 06:26:13.621881,373,37
722,2019-12-07 06:26:13.627884,372,37
723,2019-12-07 06:26:13.633873,431,37
724,2019-12-07 06:26:13.638869,372,37
725,2019-12-07 06:26:13.644866,373,37
726,2019-12-07 06:26:13.650862,374,37
727,2019-12-07 06:26:13.656870,375,37
728,2019-12-07 06:26:13.661866,431,37
729,2019-12-07 06:26:13.667862,372,37
730,2019-12-07 06:26:13.672859,374,37
731,2019-12-07 06:26:13.677855,374,37
732,2019-12-07 06:26:13.683850,40,24
733,2019-12-07 06:26:13.689847,38,21
734,2019-12-07 06:26:13.694842,373,37
735,2019-12-07 06:26:13.700839,89,21
736,2019-12-07 06:26:13.705836,26,21
737,2019-12-07 06:26:13.710832,26,21
738,2019-12-07 06:26:13.716828,374,37
739,2019-12-07 06:26:13.721825,375,37
740,2019-12-07 06:26:13.727819,431,37
741,2019-12-07 06:26:13.733816,196,37
742,2019-12-07 06:26:13.738811,196,37
743,2019-12-07 06:26:13.744808,196,37
744,2019-12-07 06:26:13.751804,375,37
745,2019-12-07 06:26:13.757799,375,37
746,2019-12-07 06:26:13.763795,372,37
747,2019-12-07 06:26:13.769790,373,37
748,2019-12-07 06:26:13.775786,23,24
749,2019-12-07 06:26:13.781782,38,21
750,2019-12-07 06:26:13.786779,45,25
751,2019-12-07 06:26:13.791775,105,19
752,2019-12-07 06:26:13.797771,124,27
753,2019-12-07 06:26:13.802767,89,21
754,2019-12-07 06:26:13.808763,124,27
755,2019-12-07 06:26:13.814759,124,27
756,2019-12-07 06:26:13.820755,125,27
757,2019-12-07 06:26:13.825752,23,24
758,2019-12-07 06:26:13.831754,45,25
759,2019-12-07 06:26:13.837743,40,24
760,2019-12-07 06:26:13.842739,45,25
761,2019-12-07 06:26:13.847736,38,21
762,2019-12-07 06:26:13.853731,125,27
763,2019-12-07 06:26:13.858727,23,24
764,2019-12-07 06:26:13.864724,30,27
765,2019-12-07 06:26:13.869720,30,27
766,2019-12-07 06:26:13.874716,30,27
767,2019-12-07 06:26:13.880712,124,27
768,2019-12-07 06:26:13.885708,30,27
769,2019-12-07 06:26:13.890705,124,27
770,2019-12-07 06:26:13.896701,38,21
771,2019-12-07 06:26:13.901698,26,23
772,2019-12-07 06:26:13.907693,26,23
773,2019-12-07 06:26:13.912689,45,25
774,2019-12-07 06:26:13.918686,183,39
775,2019-12-07 06:26:13.923681,194,27
776,2019-12-07 06:26:13.929678,192,27
777,2019-12-07 06:26:13.935675,183,39
778,2019-12-07 06:26:13.941669,183,39
779,2019-12-07 06:26:13.947667,183,39
780,2019-12-07 06:26:13.953661,23,24
781,2019-12-07 06:26:13.958658,183,39
782,2019-12-07 06:26:13.963654,38,21
783,2019-12-07 06:26:13.969649,192,27
784,2019-12-07 06:26:13.975646,38,21
785,2019-12-07 06:26:13.980642,89,21
786,2019-12-07 06:26:13.985638,32,27
787,2019-12-07 06:26:13.990635,183,39
788,2019-12-07 06:26:13.996630,23,24
789,2019-12-07 06:26:14.001628,26,21
790,2019-12-07 06:26:14.007623,178,19
791,2019-12-07 06:26:14.013618,105,19
792,2019-12-07 06:26:14.019615,40,24
793,2019-12-07 06:26:14.025612,40,24
794,2019-12-07 06:26:14.030607,40,24
795,2019-12-07 06:26:14.036603,26,21
796,2019-12-07 06:26:14.041599,45,25
797,2019-12-07 06:26:14.047595,38,21
798,2019-12-07 06:26:14.053600,30,27
799,2019-12-07 06:26:14.058587,23,24
800,2019-12-07 06:26:14.064583,420,5
801,2019-12-07 06:26:14.069580,49,5
802,2019-12-07 06:26:14.075575,47,5
803,2019-12-07 06:26:14.081383,23,24
804,2019-12-07 06:26:14.086381,26,21
805,2019-12-07 06:26:14.092382,128,30
806,2019-12-07 06:26:14.097379,186,30
807,2019-12-07 06:26:14.103375,30,27
808,2019-12-07 06:26:14.108370,124,30
809,2019-12-07 06:26:14.114747,124,30
810,2019-12-07 06:26:14.120741,128,30
811,2019-12-07 06:26:14.125754,186,30
812,2019-12-07 06:26:14.131753,30,27
813,2019-12-07 06:26:14.137748,194,27
814,2019-12-07 06:26:14.142745,192,27
815,2019-12-07 06:26:14.148741,192,27
816,2019-12-07 06:26:14.153737,192,27
817,2019-12-07 06:26:14.162731,192,27
818,2019-12-07 06:26:14.171725,194,27
819,2019-12-07 06:26:14.176722,480,30
820,2019-12-07 06:26:14.182718,480,30
821,2019-12-07 06:26:14.188713,459,30
822,2019-12-07 06:26:14.193876,45,25
823,2019-12-07 06:26:14.199875,179,30
824,2019-12-07 06:26:14.205683,459,30
825,2019-12-07 06:26:14.211505,179,30
826,2019-12-07 06:26:14.216499,192,27
827,2019-12-07 06:26:14.221496,31,27
828,2019-12-07 06:26:14.227491,97,27
829,2019-12-07 06:26:14.233488,96,27
830,2019-12-07 06:26:14.238484,97,27
831,2019-12-07 06:26:14.243480,96,27
832,2019-12-07 06:26:14.249477,32,27
833,2019-12-07 06:26:14.255472,194,27
834,2019-12-07 06:26:14.260468,26,21
835,2019-12-07 06:26:14.266465,38,21
836,2019-12-07 06:26:14.271461,89,21
837,2019-12-07 06:26:14.277458,23,24
838,2019-12-07 06:26:14.283453,194,27
839,2019-12-07 06:26:14.288448,192,27
840,2019-12-07 06:26:14.294446,112,21
841,2019-12-07 06:26:14.299441,446,21
842,2019-12-07 06:26:14.304438,112,21
843,2019-12-07 06:26:14.311433,446,21
844,2019-12-07 06:26:14.316429,89,21
845,2019-12-07 06:26:14.322426,23,24
846,2019-12-07 06:26:14.327421,112,21
847,2019-12-07 06:26:14.332418,446,21
848,2019-12-07 06:26:14.338414,194,27
849,2019-12-07 06:26:14.343411,192,27
850,2019-12-07 06:26:14.349406,194,27
851,2019-12-07 06:26:14.355403,192,27
852,2019-12-07 06:26:14.360399,192,27
853,2019-12-07 06:26:14.366394,192,27
854,2019-12-07 06:26:14.372390,194,27
855,2019-12-07 06:26:14.377387,113,21
856,2019-12-07 06:26:14.382383,192,27
857,2019-12-07 06:26:14.388379,113,21
858,2019-12-07 06:26:14.393639,113,21
859,2019-12-07 06:26:14.398636,43,11
860,2019-12-07 06:26:14.404631,16,11
861,2019-12-07 06:26:14.410628,306,11
862,2019-12-07 06:26:14.415623,40,24
863,2019-12-07 06:26:14.421619,26,21
864,2019-12-07 06:26:14.426617,23,24
865,2019-12-07 06:26:14.432613,45,25
866,2019-12-07 06:26:14.438607,38,21
867,2019-12-07 06:26:14.444604,23,24
868,2019-12-07 06:26:14.450599,415,36
869,2019-12-07 06:26:14.456595,182,36
870,2019-12-07 06:26:14.462590,182,36
871,2019-12-07 06:26:14.468588,451,36
872,2019-12-07 06:26:14.473582,89,21
873,2019-12-07 06:26:14.479580,26,21
874,2019-12-07 06:26:14.485575,38,21
875,2019-12-07 06:26:14.491571,113,21
876,2019-12-07 06:26:14.496566,112,21
877,2019-12-07 06:26:14.502563,113,21
878,2019-12-07 06:26:14.507561,112,21
879,2019-12-07 06:26:14.513555,446,21
880,2019-12-07 06:26:14.519551,26,23
881,2019-12-07 06:26:14.525548,446,21
882,2019-12-07 06:26:14.531543,96,27
883,2019-12-07 06:26:14.537538,375,37
884,2019-12-07 06:26:14.543535,194,27
885,2019-12-07 06:26:14.549531,192,27
886,2019-12-07 06:26:14.554528,124,27
887,2019-12-07 06:26:14.560522,374,37
888,2019-12-07 06:26:14.566375,97,27
889,2019-12-07 06:26:14.572372,96,27
890,2019-12-07 06:26:14.578005,372,37
891,2019-12-07 06:26:14.582998,374,37
892,2019-12-07 06:26:14.589996,488,27
893,2019-12-07 06:26:14.595630,487,27
894,2019-12-07 06:26:14.601626,124,27
895,2019-12-07 06:26:14.606623,372,37
896,2019-12-07 06:26:14.612621,431,37
897,2019-12-07 06:26:14.618616,374,37
898,2019-12-07 06:26:14.624612,97,27
899,2019-12-07 06:26:14.630606,373,37
900,2019-12-07 06:26:14.637184,124,27
901,2019-12-07 06:26:14.643149,40,24
902,2019-12-07 06:26:14.649145,375,37
903,2019-12-07 06:26:14.654141,372,37
904,2019-12-07 06:26:14.660138,487,27
905,2019-12-07 06:26:14.666133,124,27
906,2019-12-07 06:26:14.672129,40,24
907,2019-12-07 06:26:14.677125,372,37
908,2019-12-07 06:26:14.683105,431,37
909,2019-12-07 06:26:14.688102,375,37
910,2019-12-07 06:26:14.694124,196,37
911,2019-12-07 06:26:14.699121,373,37
912,2019-12-07 06:26:14.705117,431,37
913,2019-12-07 06:26:14.711112,431,37
914,2019-12-07 06:26:14.716864,373,37
915,2019-12-07 06:26:14.721860,374,37
916,2019-12-07 06:26:14.726857,375,37
917,2019-12-07 06:26:14.732852,373,37
918,2019-12-07 06:26:14.738849,125,27
919,2019-12-07 06:26:14.744843,23,24
920,2019-12-07 06:26:14.749838,38,21
921,2019-12-07 06:26:14.755835,45,25
922,2019-12-07 06:26:14.761831,113,21
923,2019-12-07 06:26:14.767828,446,21
924,2019-12-07 06:26:14.772824,112,21
925,2019-12-07 06:26:14.778819,194,27
926,2019-12-07 06:26:14.784815,97,27
927,2019-12-07 06:26:14.789812,113,21
928,2019-12-07 06:26:14.795521,446,21
929,2019-12-07 06:26:14.800805,89,21
930,2019-12-07 06:26:14.805801,112,21
931,2019-12-07 06:26:14.811797,23,24
932,2019-12-07 06:26:14.817792,30,27
933,2019-12-07 06:26:14.822789,30,27
934,2019-12-07 06:26:14.828784,192,27
935,2019-12-07 06:26:14.834782,463,27
936,2019-12-07 06:26:14.841393,26,21
937,2019-12-07 06:26:14.846389,26,21
938,2019-12-07 06:26:14.851630,45,25
939,2019-12-07 06:26:14.857094,63,2
940,2019-12-07 06:26:14.862173,84,2
941,2019-12-07 06:26:14.868115,458,2
942,2019-12-07 06:26:14.873111,62,2
943,2019-12-07 06:26:14.878109,371,2
944,2019-12-07 06:26:14.884108,38,21
945,2019-12-07 06:26:14.889476,442,2
946,2019-12-07 06:26:14.894511,71,2
947,2019-12-07 06:26:14.900142,199,2
948,2019-12-07 06:26:14.905138,62,2
949,2019-12-07 06:26:14.911146,123,2
950,2019-12-07 06:26:14.917144,442,2
951,2019-12-07 06:26:14.923138,71,2
952,2019-12-07 06:26:14.929134,63,2
953,2019-12-07 06:26:14.934130,87,2
954,2019-12-07 06:26:14.940126,458,2
955,2019-12-07 06:26:14.949500,83,2
956,2019-12-07 06:26:14.955101,200,2
957,2019-12-07 06:26:14.961097,6,2
958,2019-12-07 06:26:14.968092,87,2
959,2019-12-07 06:26:14.974089,479,2
960,2019-12-07 06:26:14.980083,123,2
961,2019-12-07 06:26:14.987081,71,2
962,2019-12-07 06:26:14.994074,63,2
963,2019-12-07 06:26:15.000071,62,2
964,2019-12-07 06:26:15.006068,123,2
965,2019-12-07 06:26:15.012063,458,2
966,2019-12-07 06:26:15.018057,371,2
967,2019-12-07 06:26:15.024054,479,2
968,2019-12-07 06:26:15.030050,371,2
969,2019-12-07 06:26:15.036044,458,2
970,2019-12-07 06:26:15.043041,83,2
971,2019-12-07 06:26:15.049035,479,2
972,2019-12-07 06:26:15.057031,6,2
973,2019-12-07 06:26:15.064026,62,2
974,2019-12-07 06:26:15.070022,84,2
975,2019-12-07 06:26:15.077016,123,2
976,2019-12-07 06:26:15.083012,125,27
977,2019-12-07 06:26:15.088007,30,27
978,2019-12-07 06:26:15.094005,124,27
979,2019-12-07 06:26:15.099588,487,27
980,2019-12-07 06:26:15.104583,112,21
981,2019-12-07 06:26:15.112578,113,21
982,2019-12-07 06:26:15.121572,446,21
983,2019-12-07 06:26:15.129566,31,27
984,2019-12-07 06:26:15.135561,462,27
985,2019-12-07 06:26:15.141558,23,24
986,2019-12-07 06:26:15.147552,479,2
987,2019-12-07 06:26:15.153553,458,2
988,2019-12-07 06:26:15.160549,63,2
989,2019-12-07 06:26:15.165546,6,2
990,2019-12-07 06:26:15.171541,108,2
991,2019-12-07 06:26:15.177538,199,2
992,2019-12-07 06:26:15.183534,371,2
993,2019-12-07 06:26:15.188529,479,2
994,2019-12-07 06:26:15.194525,458,2
995,2019-12-07 06:26:15.199522,84,2
996,2019-12-07 06:26:15.204535,83,2
997,2019-12-07 06:26:15.210531,69,2
998,2019-12-07 06:26:15.219524,442,2
999,2019-12-07 06:26:15.225519,107,2
1000,2019-12-07 06:26:15.231515,123,2
1001,2019-12-07 06:26:15.237964,199,2
1002,2019-12-07 06:26:15.243495,123,2
1003,2019-12-07 06:26:15.248490,87,2
1004,2019-12-07 06:26:15.254487,84,2
1005,2019-12-07 06:26:15.260277,83,2
1006,2019-12-07 06:26:15.265273,69,2
1007,2019-12-07 06:26:15.270270,71,2
1008,2019-12-07 06:26:15.277266,437,2
1009,2019-12-07 06:26:15.283263,63,2
1010,2019-12-07 06:26:15.289257,200,2
1011,2019-12-07 06:26:15.294254,371,2
1012,2019-12-07 06:26:15.300249,207,2
1013,2019-12-07 06:26:15.305246,205,2
1014,2019-12-07 06:26:15.311241,199,2
1015,2019-12-07 06:26:15.317237,203,2
1016,2019-12-07 06:26:15.324234,62,2
1017,2019-12-07 06:26:15.330228,462,27
1018,2019-12-07 06:26:15.336333,124,27
1019,2019-12-07 06:26:15.342174,124,27
1020,2019-12-07 06:26:15.347171,192,27
1021,2019-12-07 06:26:15.353167,206,2
1022,2019-12-07 06:26:15.359162,30,27
1023,2019-12-07 06:26:15.364161,89,23
1024,2019-12-07 06:26:15.370155,71,2
1025,2019-12-07 06:26:15.376149,200,2
1026,2019-12-07 06:26:15.382146,198,2
1027,2019-12-07 06:26:15.387142,123,2
1028,2019-12-07 06:26:15.393043,192,27
1029,2019-12-07 06:26:15.398150,437,2
1030,2019-12-07 06:26:15.404149,87,2
1031,2019-12-07 06:26:15.410146,62,2
1032,2019-12-07 06:26:15.416142,123,2
1033,2019-12-07 06:26:15.421376,71,2
1034,2019-12-07 06:26:15.426373,63,2
1035,2019-12-07 06:26:15.432370,199,2
1036,2019-12-07 06:26:15.437367,6,2
1037,2019-12-07 06:26:15.443372,442,2
1038,2019-12-07 06:26:15.448368,214,2
1039,2019-12-07 06:26:15.453364,458,2
1040,2019-12-07 06:26:15.459643,123,2
1041,2019-12-07 06:26:15.464368,62,2
1042,2019-12-07 06:26:15.471365,15,42
1043,2019-12-07 06:26:15.476362,11,42
1044,2019-12-07 06:26:15.482358,21,42
1045,2019-12-07 06:26:15.488540,131,42
1046,2019-12-07 06:26:15.493943,21,42
1047,2019-12-07 06:26:15.499346,460,42
1048,2019-12-07 06:26:15.504932,15,42
1049,2019-12-07 06:26:15.510364,131,42
1050,2019-12-07 06:26:15.516360,192,27
1051,2019-12-07 06:26:15.522355,192,27
1052,2019-12-07 06:26:15.528351,194,27
1053,2019-12-07 06:26:15.534347,45,25
1054,2019-12-07 06:26:15.540343,30,27
1055,2019-12-07 06:26:15.546346,26,21
1056,2019-12-07 06:26:15.551625,30,27
1057,2019-12-07 06:26:15.557620,183,39
1058,2019-12-07 06:26:15.563616,372,37
1059,2019-12-07 06:26:15.568930,112,21
1060,2019-12-07 06:26:15.575924,113,21
1061,2019-12-07 06:26:15.581922,446,21
1062,2019-12-07 06:26:15.588914,373,37
1063,2019-12-07 06:26:15.595910,431,37
1064,2019-12-07 06:26:15.602907,374,37
1065,2019-12-07 06:26:15.608901,487,27
1066,2019-12-07 06:26:15.615896,431,37
1067,2019-12-07 06:26:15.621893,375,37
1068,2019-12-07 06:26:15.629886,192,27
1069,2019-12-07 06:26:15.636881,372,37
1070,2019-12-07 06:26:15.644876,97,27
1071,2019-12-07 06:26:15.653870,187,27
1072,2019-12-07 06:26:15.662863,431,37
1073,2019-12-07 06:26:15.670857,375,37
1074,2019-12-07 06:26:15.677853,374,37
1075,2019-12-07 06:26:15.686846,372,37
1076,2019-12-07 06:26:15.694841,124,27
1077,2019-12-07 06:26:15.702835,374,37
1078,2019-12-07 06:26:15.709830,373,37
1079,2019-12-07 06:26:15.717824,373,37
1080,2019-12-07 06:26:15.726818,375,37
1081,2019-12-07 06:26:15.735812,28,24
1082,2019-12-07 06:26:15.743807,97,27
1083,2019-12-07 06:26:15.751800,96,27
1084,2019-12-07 06:26:15.758796,30,27
1085,2019-12-07 06:26:15.765790,29,27
1086,2019-12-07 06:26:15.772786,96,27
1087,2019-12-07 06:26:15.779781,38,23
1088,2019-12-07 06:26:15.787775,194,27
1089,2019-12-07 06:26:15.795769,487,27
1090,2019-12-07 06:26:15.802764,30,27
1091,2019-12-07 06:26:15.810760,31,27
1092,2019-12-07 06:26:15.817754,89,23
1093,2019-12-07 06:26:15.826748,462,27
1094,2019-12-07 06:26:15.834742,463,27
1095,2019-12-07 06:26:15.844735,10,27
1096,2019-12-07 06:26:15.852729,192,27
1097,2019-12-07 06:26:15.861724,32,27
1098,2019-12-07 06:26:15.869718,463,27
1099,2019-12-07 06:26:15.877713,121,27
1100,2019-12-07 06:26:15.885706,194,27
1101,2019-12-07 06:26:15.893701,192,27
1102,2019-12-07 06:26:15.901695,128,27
1103,2019-12-07 06:26:15.910689,30,27
1104,2019-12-07 06:26:15.918683,124,27
1105,2019-12-07 06:26:15.927677,124,27
1106,2019-12-07 06:26:15.937670,125,27
1107,2019-12-07 06:26:15.945665,129,27
1108,2019-12-07 06:26:15.953659,121,27
1109,2019-12-07 06:26:15.961653,45,25
1110,2019-12-07 06:26:15.968649,45,25
1111,2019-12-07 06:26:15.977642,30,27
1112,2019-12-07 06:26:15.986635,30,27
1113,2019-12-07 06:26:15.993630,30,27
1114,2019-12-07 06:26:16.000626,487,27
1115,2019-12-07 06:26:16.008621,489,27
1116,2019-12-07 06:26:16.015615,194,27
1117,2019-12-07 06:26:16.023610,201,27
1118,2019-12-07 06:26:16.031605,192,27
1119,2019-12-07 06:26:16.040598,192,27
1120,2019-12-07 06:26:16.050591,23,24
1121,2019-12-07 06:26:16.059585,488,27
1122,2019-12-07 06:26:16.070580,124,27
1123,2019-12-07 06:26:16.081569,32,27
1124,2019-12-07 06:26:16.089563,31,27
1125,2019-12-07 06:26:16.097558,192,27
1126,2019-12-07 06:26:16.107551,192,27
1127,2019-12-07 06:26:16.115544,112,21
1128,2019-12-07 06:26:16.124539,113,21
1129,2019-12-07 06:26:16.131534,462,27
1130,2019-12-07 06:26:16.139528,446,21
1131,2019-12-07 06:26:16.146523,194,34
1132,2019-12-07 06:26:16.154518,14,34
1133,2019-12-07 06:26:16.161513,13,34
1134,2019-12-07 06:26:16.169506,183,39
1135,2019-12-07 06:26:16.176503,194,27
1136,2019-12-07 06:26:16.183497,121,27
1137,2019-12-07 06:26:16.190492,124,27
1138,2019-12-07 06:26:16.197487,89,23
1139,2019-12-07 06:26:16.204482,74,23
1140,2019-12-07 06:26:16.210478,74,23
1141,2019-12-07 06:26:16.217473,413,34
1142,2019-12-07 06:26:16.223469,30,27
1143,2019-12-07 06:26:16.230464,14,34
1144,2019-12-07 06:26:16.236460,124,27
1145,2019-12-07 06:26:16.242455,413,34
1146,2019-12-07 06:26:16.248451,121,27
1147,2019-12-07 06:26:16.255448,125,27
1148,2019-12-07 06:26:16.262441,77,34
1149,2019-12-07 06:26:16.268438,192,27
1150,2019-12-07 06:26:16.275434,129,34
1151,2019-12-07 06:26:16.281429,13,34
1152,2019-12-07 06:26:16.287425,30,27
1153,2019-12-07 06:26:16.293420,487,27
1154,2019-12-07 06:26:16.299417,121,27
1155,2019-12-07 06:26:16.304413,488,27
1156,2019-12-07 06:26:16.310409,45,25
1157,2019-12-07 06:26:16.316404,45,25
1158,2019-12-07 06:26:16.322400,124,27
1159,2019-12-07 06:26:16.327397,439,28
1160,2019-12-07 06:26:16.332393,125,27
1161,2019-12-07 06:26:16.337390,10,27
1162,2019-12-07 06:26:16.343386,462,27
1163,2019-12-07 06:26:16.348380,70,28
1164,2019-12-07 06:26:16.355378,74,23
1165,2019-12-07 06:26:16.363371,74,23
1166,2019-12-07 06:26:16.370365,45,25
1167,2019-12-07 06:26:16.378360,45,25
1168,2019-12-07 06:26:16.386354,183,39
1169,2019-12-07 06:26:16.393352,183,39
1170,2019-12-07 06:26:16.399347,183,39
1171,2019-12-07 06:26:16.405342,89,21
1172,2019-12-07 06:26:16.411337,74,23
1173,2019-12-07 06:26:16.417332,6,2
1174,2019-12-07 06:26:16.423328,83,2
1175,2019-12-07 06:26:16.429325,84,2
1176,2019-12-07 06:26:16.435319,207,2
1177,2019-12-07 06:26:16.441317,458,2
1178,2019-12-07 06:26:16.447312,214,2
1179,2019-12-07 06:26:16.460304,74,23
1180,2019-12-07 06:26:16.466301,214,2
1181,2019-12-07 06:26:16.473295,203,2
1182,2019-12-07 06:26:16.479290,199,2
1183,2019-12-07 06:26:16.485286,87,2
1184,2019-12-07 06:26:16.491282,207,2
1185,2019-12-07 06:26:16.497278,371,2
1186,2019-12-07 06:26:16.503273,22,2
1187,2019-12-07 06:26:16.509269,206,2
1188,2019-12-07 06:26:16.515265,84,2
1189,2019-12-07 06:26:16.522260,87,2
1190,2019-12-07 06:26:16.529254,203,2
1191,2019-12-07 06:26:16.536249,479,2
1192,2019-12-07 06:26:16.542246,96,27
1193,2019-12-07 06:26:16.548242,371,2
1194,2019-12-07 06:26:16.554238,123,2
1195,2019-12-07 06:26:16.560233,214,2
1196,2019-12-07 06:26:16.566228,128,27
1197,2019-12-07 06:26:16.572225,62,2
1198,2019-12-07 06:26:16.577221,63,2
1199,2019-12-07 06:26:16.583216,71,2
1200,2019-12-07 06:26:16.589213,442,2
1201,2019-12-07 06:26:16.594209,430,2
1202,2019-12-07 06:26:16.601205,442,2
1203,2019-12-07 06:26:16.607199,112,21
1204,2019-12-07 06:26:16.613195,84,2
1205,2019-12-07 06:26:16.619191,446,21
1206,2019-12-07 06:26:16.626185,83,2
1207,2019-12-07 06:26:16.632183,205,2
1208,2019-12-07 06:26:16.639177,207,2
1209,2019-12-07 06:26:16.645174,6,2
1210,2019-12-07 06:26:16.651170,87,2
1211,2019-12-07 06:26:16.659162,123,2
1212,2019-12-07 06:26:16.670155,113,21
1213,2019-12-07 06:26:16.681147,199,2
1214,2019-12-07 06:26:16.689142,479,2
1215,2019-12-07 06:26:16.696139,71,2
1216,2019-12-07 06:26:16.704133,123,2
1217,2019-12-07 06:26:16.711126,371,2
1218,2019-12-07 06:26:16.718122,430,2
1219,2019-12-07 06:26:16.725116,203,2
1220,2019-12-07 06:26:16.732113,479,2
1221,2019-12-07 06:26:16.739106,123,2
1222,2019-12-07 06:26:16.748100,206,2
1223,2019-12-07 06:26:16.757093,71,2
1224,2019-12-07 06:26:16.766088,63,2
1225,2019-12-07 06:26:16.775081,22,2
1226,2019-12-07 06:26:16.783075,6,2
1227,2019-12-07 06:26:16.791070,458,2
1228,2019-12-07 06:26:16.798066,196,37
1229,2019-12-07 06:26:16.807059,214,2
1230,2019-12-07 06:26:16.816053,84,2
1231,2019-12-07 06:26:16.824047,83,2
1232,2019-12-07 06:26:16.833040,205,2
1233,2019-12-07 06:26:16.841034,412,2
1234,2019-12-07 06:26:16.849029,207,2
1235,2019-12-07 06:26:16.858023,71,2
1236,2019-12-07 06:26:16.867016,458,2
1237,2019-12-07 06:26:16.876009,205,2
1238,2019-12-07 06:26:16.885004,442,2
1239,2019-12-07 06:26:16.892998,199,2
1240,2019-12-07 06:26:16.902995,203,2
1241,2019-12-07 06:26:16.911985,458,2
1242,2019-12-07 06:26:16.920979,442,2
1243,2019-12-07 06:26:16.927973,430,2
1244,2019-12-07 06:26:16.936968,206,2
1245,2019-12-07 06:26:16.944962,205,2
1246,2019-12-07 06:26:16.952956,206,2
1247,2019-12-07 06:26:16.959950,74,23
1248,2019-12-07 06:26:16.968951,12,2
1249,2019-12-07 06:26:16.976939,4,2
1250,2019-12-07 06:26:16.984933,6,2
1251,2019-12-07 06:26:16.992928,63,2
1252,2019-12-07 06:26:16.999923,83,2
1253,2019-12-07 06:26:17.006918,479,2
1254,2019-12-07 06:26:17.013913,87,2
1255,2019-12-07 06:26:17.020907,63,2
1256,2019-12-07 06:26:17.027903,72,38
1257,2019-12-07 06:26:17.033898,73,13
1258,2019-12-07 06:26:17.039894,45,25
1259,2019-12-07 06:26:17.045890,488,27
1260,2019-12-07 06:26:17.051886,35,13
1261,2019-12-07 06:26:17.057882,73,13
1262,2019-12-07 06:26:17.062879,89,21
1263,2019-12-07 06:26:17.068874,73,13
1264,2019-12-07 06:26:17.074870,487,27
1265,2019-12-07 06:26:17.081864,73,13
1266,2019-12-07 06:26:17.087861,45,25
1267,2019-12-07 06:26:17.093856,35,13
1268,2019-12-07 06:26:17.098853,214,2
1269,2019-12-07 06:26:17.104849,207,2
1270,2019-12-07 06:26:17.110845,205,2
1271,2019-12-07 06:26:17.116841,45,25
1272,2019-12-07 06:26:17.121838,45,25
1273,2019-12-07 06:26:17.127833,217,11
1274,2019-12-07 06:26:17.133828,206,2
1275,2019-12-07 06:26:17.143821,203,2
1276,2019-12-07 06:26:17.149817,74,23
1277,2019-12-07 06:26:17.154813,89,21
1278,2019-12-07 06:26:17.160809,446,21
1279,2019-12-07 06:26:17.166805,113,21
1280,2019-12-07 06:26:17.172801,112,21
1281,2019-12-07 06:26:17.178797,52,2
1282,2019-12-07 06:26:17.183793,54,2
1283,2019-12-07 06:26:17.189789,199,2
1284,2019-12-07 06:26:17.195785,458,2
1285,2019-12-07 06:26:17.201780,63,2
1286,2019-12-07 06:26:17.207776,199,2
1287,2019-12-07 06:26:17.213772,74,23
1288,2019-12-07 06:26:17.219768,206,2
1289,2019-12-07 06:26:17.225763,87,2
1290,2019-12-07 06:26:17.233759,123,2
1291,2019-12-07 06:26:17.242753,74,23
1292,2019-12-07 06:26:17.250746,442,2
1293,2019-12-07 06:26:17.260739,6,2
1294,2019-12-07 06:26:17.270733,207,2
1295,2019-12-07 06:26:17.278726,442,2
1296,2019-12-07 06:26:17.286721,425,2
1297,2019-12-07 06:26:17.294716,206,2
1298,2019-12-07 06:26:17.301711,207,2
1299,2019-12-07 06:26:17.308706,205,2
1300,2019-12-07 06:26:17.314701,214,2
1301,2019-12-07 06:26:17.320697,203,2
1302,2019-12-07 06:26:17.326693,371,2
1303,2019-12-07 06:26:17.332690,205,2
1304,2019-12-07 06:26:17.338685,479,2
1305,2019-12-07 06:26:17.345680,87,2
1306,2019-12-07 06:26:17.351675,74,23
1307,2019-12-07 06:26:17.358671,83,2
1308,2019-12-07 06:26:17.364693,214,2
1309,2019-12-07 06:26:17.369663,479,2
1310,2019-12-07 06:26:17.375660,112,21
1311,2019-12-07 06:26:17.381656,84,2
1312,2019-12-07 06:26:17.388650,113,21
1313,2019-12-07 06:26:17.394645,71,2
1314,2019-12-07 06:26:17.400641,63,2
1315,2019-12-07 06:26:17.406637,56,2
1316,2019-12-07 06:26:17.412633,458,2
1317,2019-12-07 06:26:17.417631,55,2
1318,2019-12-07 06:26:17.423626,74,23
1319,2019-12-07 06:26:17.429621,446,21
1320,2019-12-07 06:26:17.434618,83,2
1321,2019-12-07 06:26:17.441613,371,2
1322,2019-12-07 06:26:17.446609,6,2
1323,2019-12-07 06:26:17.452605,71,2
1324,2019-12-07 06:26:17.458601,84,2
1325,2019-12-07 06:26:17.465596,123,2
1326,2019-12-07 06:26:17.473590,203,2
1327,2019-12-07 06:26:17.479586,488,27
1328,2019-12-07 06:26:17.488579,45,25
1329,2019-12-07 06:26:17.494575,10,27
1330,2019-12-07 06:26:17.500572,487,27
1331,2019-12-07 06:26:17.507567,194,27
1332,2019-12-07 06:26:17.513563,89,21
1333,2019-12-07 06:26:17.520556,124,27
1334,2019-12-07 06:26:17.527553,30,27
1335,2019-12-07 06:26:17.533548,112,21
1336,2019-12-07 06:26:17.540544,446,21
1337,2019-12-07 06:26:17.546538,113,21
1338,2019-12-07 06:26:17.552535,45,25
1339,2019-12-07 06:26:17.557531,45,25
1340,2019-12-07 06:26:17.563527,196,37
1341,2019-12-07 06:26:17.569523,45,25
1342,2019-12-07 06:26:17.575518,74,23
1343,2019-12-07 06:26:17.582513,74,23
1344,2019-12-07 06:26:17.587510,30,27
1345,2019-12-07 06:26:17.593507,45,25
1346,2019-12-07 06:26:17.599501,196,37
1347,2019-12-07 06:26:17.606496,63,2
1348,2019-12-07 06:26:17.612493,52,2
1349,2019-12-07 06:26:17.618488,54,2
1350,2019-12-07 06:26:17.624484,123,2
1351,2019-12-07 06:26:17.631478,56,2
1352,2019-12-07 06:26:17.637474,55,2
1353,2019-12-07 06:26:17.643472,74,23
1354,2019-12-07 06:26:17.649467,83,2
1355,2019-12-07 06:26:17.656461,84,2
1356,2019-12-07 06:26:17.661457,89,21
1357,2019-12-07 06:26:17.667453,74,23
1358,2019-12-07 06:26:17.673449,71,2
1359,2019-12-07 06:26:17.679445,425,2
1360,2019-12-07 06:26:17.685443,87,2
1361,2019-12-07 06:26:17.694435,214,2
1362,2019-12-07 06:26:17.700431,442,2
1363,2019-12-07 06:26:17.706426,370,2
1364,2019-12-07 06:26:17.712422,196,37
1365,2019-12-07 06:26:17.717419,479,2
1366,2019-12-07 06:26:17.723413,205,2
1367,2019-12-07 06:26:17.729411,203,2
1368,2019-12-07 06:26:17.736406,207,2
1369,2019-12-07 06:26:17.742401,199,2
1370,2019-12-07 06:26:17.749397,206,2
1371,2019-12-07 06:26:17.755393,442,2
1372,2019-12-07 06:26:17.761389,357,4
1373,2019-12-07 06:26:17.767384,355,4
1374,2019-12-07 06:26:17.773380,35,13
1375,2019-12-07 06:26:17.779376,35,13
1376,2019-12-07 06:26:17.785371,200,2
1377,2019-12-07 06:26:17.791367,207,2
1378,2019-12-07 06:26:17.797377,479,2
1379,2019-12-07 06:26:17.803359,83,2
1380,2019-12-07 06:26:17.809354,205,2
1381,2019-12-07 06:26:17.814351,203,2
1382,2019-12-07 06:26:17.820347,200,2
1383,2019-12-07 06:26:17.826342,371,2
1384,2019-12-07 06:26:17.832338,6,2
1385,2019-12-07 06:26:17.838334,479,2
1386,2019-12-07 06:26:17.845331,421,4
1387,2019-12-07 06:26:17.852324,206,2
1388,2019-12-07 06:26:17.858321,214,2
1389,2019-12-07 06:26:17.864316,63,2
1390,2019-12-07 06:26:17.871312,83,2
1391,2019-12-07 06:26:17.877307,207,2
1392,2019-12-07 06:26:17.883302,214,2
1393,2019-12-07 06:26:17.889297,6,2
1394,2019-12-07 06:26:17.895292,458,2
1395,2019-12-07 06:26:17.901288,84,2
1396,2019-12-07 06:26:17.906285,371,2
1397,2019-12-07 06:26:17.913281,442,2
1398,2019-12-07 06:26:17.918278,87,2
1399,2019-12-07 06:26:17.926272,87,2
1400,2019-12-07 06:26:17.932269,203,2
1401,2019-12-07 06:26:17.938264,205,2
1402,2019-12-07 06:26:17.944816,206,2
1403,2019-12-07 06:26:17.949812,63,2
1404,2019-12-07 06:26:17.955808,458,2
1405,2019-12-07 06:26:17.961804,71,2
1406,2019-12-07 06:26:17.966800,71,2
1407,2019-12-07 06:26:17.972796,84,2
1408,2019-12-07 06:26:17.977792,10,27
1409,2019-12-07 06:26:17.984787,489,27
1410,2019-12-07 06:26:17.990782,201,27
1411,2019-12-07 06:26:17.996779,10,27
1412,2019-12-07 06:26:18.002776,45,25
1413,2019-12-07 06:26:18.008770,113,21
1414,2019-12-07 06:26:18.013766,45,25
1415,2019-12-07 06:26:18.019763,112,21
1416,2019-12-07 06:26:18.033752,97,27
1417,2019-12-07 06:26:18.044745,446,21
1418,2019-12-07 06:26:18.050741,45,25
1419,2019-12-07 06:26:18.056737,17,27
1420,2019-12-07 06:26:18.062733,194,27
1421,2019-12-07 06:26:18.067729,97,27
1422,2019-12-07 06:26:18.073725,17,27
1423,2019-12-07 06:26:18.079721,187,27
1424,2019-12-07 06:26:18.084716,45,25
1425,2019-12-07 06:26:18.090713,74,23
1426,2019-12-07 06:26:18.096709,314,14
1427,2019-12-07 06:26:18.102704,315,14
1428,2019-12-07 06:26:18.108701,74,23
1429,2019-12-07 06:26:18.116695,51,34
1430,2019-12-07 06:26:18.123691,50,34
1431,2019-12-07 06:26:18.129687,13,34
1432,2019-12-07 06:26:18.136535,20,34
1433,2019-12-07 06:26:18.145527,418,34
1434,2019-12-07 06:26:18.152523,32,34
1435,2019-12-07 06:26:18.158520,413,34
1436,2019-12-07 06:26:18.163515,14,34
1437,2019-12-07 06:26:18.169513,132,34
1438,2019-12-07 06:26:18.175510,14,34
1439,2019-12-07 06:26:18.182503,413,34
1440,2019-12-07 06:26:18.188498,13,34
1441,2019-12-07 06:26:18.194493,424,34
1442,2019-12-07 06:26:18.200489,134,34
1443,2019-12-07 06:26:18.205485,134,34
1444,2019-12-07 06:26:18.211332,14,34
1445,2019-12-07 06:26:18.217328,413,34
1446,2019-12-07 06:26:18.223323,418,34
1447,2019-12-07 06:26:18.230319,133,34
1448,2019-12-07 06:26:18.240311,13,34
1449,2019-12-07 06:26:18.248305,20,34
1450,2019-12-07 06:26:18.255302,89,23
1451,2019-12-07 06:26:18.261297,23,24
1452,2019-12-07 06:26:18.268292,124,27
1453,2019-12-07 06:26:18.274288,132,34
1454,2019-12-07 06:26:18.280284,461,34
1455,2019-12-07 06:26:18.286280,133,34
1456,2019-12-07 06:26:18.293274,317,27
1457,2019-12-07 06:26:18.299270,466,5
1458,2019-12-07 06:26:18.306775,122,27
1459,2019-12-07 06:26:18.312768,316,27
1460,2019-12-07 06:26:18.318765,383,37
1461,2019-12-07 06:26:18.325761,126,35
1462,2019-12-07 06:26:18.331755,122,27
1463,2019-12-07 06:26:18.338750,126,35
1464,2019-12-07 06:26:18.345745,130,35
1465,2019-12-07 06:26:18.351742,382,37
1466,2019-12-07 06:26:18.357736,65,5
1467,2019-12-07 06:26:18.363732,402,5
1468,2019-12-07 06:26:18.370728,188,35
1469,2019-12-07 06:26:18.376728,185,5
1470,2019-12-07 06:26:18.382720,401,5
1471,2019-12-07 06:26:18.389716,410,5
1472,2019-12-07 06:26:18.395712,433,5
1473,2019-12-07 06:26:18.402708,185,5
1474,2019-12-07 06:26:18.408703,466,5
1475,2019-12-07 06:26:18.415696,401,5
1476,2019-12-07 06:26:18.421693,445,37
1477,2019-12-07 06:26:18.427688,410,5
1478,2019-12-07 06:26:18.433683,482,5
1479,2019-12-07 06:26:18.439679,483,5
1480,2019-12-07 06:26:18.445675,184,5
1481,2019-12-07 06:26:18.451671,380,37
1482,2019-12-07 06:26:18.458666,402,5
1483,2019-12-07 06:26:18.464662,483,5
1484,2019-12-07 06:26:18.471659,111,37
1485,2019-12-07 06:26:18.477654,430,2
1486,2019-12-07 06:26:18.484649,411,9
1487,2019-12-07 06:26:18.491644,6,2
1488,2019-12-07 06:26:18.498647,426,2
1489,2019-12-07 06:26:18.504406,368,2
1490,2019-12-07 06:26:18.510133,366,2
1491,2019-12-07 06:26:18.517131,364,2
1492,2019-12-07 06:26:18.524123,62,2
1493,2019-12-07 06:26:18.529120,479,2
1494,2019-12-07 06:26:18.536115,207,2
1495,2019-12-07 06:26:18.542111,206,2
1496,2019-12-07 06:26:18.548106,74,23
1497,2019-12-07 06:26:18.555101,214,2
1498,2019-12-07 06:26:18.562100,458,2
1499,2019-12-07 06:26:18.569092,207,2
1500,2019-12-07 06:26:18.576087,203,2
1501,2019-12-07 06:26:18.584081,205,2
1502,2019-12-07 06:26:18.590078,479,2
1503,2019-12-07 06:26:18.596075,442,2
1504,2019-12-07 06:26:18.603069,12,2
1505,2019-12-07 06:26:18.609706,100,9
1506,2019-12-07 06:26:18.615702,206,2
1507,2019-12-07 06:26:18.621697,87,2
1508,2019-12-07 06:26:18.627693,63,2
1509,2019-12-07 06:26:18.633687,479,2
1510,2019-12-07 06:26:18.639684,203,2
1511,2019-12-07 06:26:18.648678,205,2
1512,2019-12-07 06:26:18.656674,84,2
1513,2019-12-07 06:26:18.663667,83,2
1514,2019-12-07 06:26:18.672661,6,2
1515,2019-12-07 06:26:18.680656,200,2
1516,2019-12-07 06:26:18.689649,63,2
1517,2019-12-07 06:26:18.696645,83,2
1518,2019-12-07 06:26:18.703639,4,2
1519,2019-12-07 06:26:18.710633,214,2
1520,2019-12-07 06:26:18.718629,62,2
1521,2019-12-07 06:26:18.725624,430,2
1522,2019-12-07 06:26:18.734618,206,2
1523,2019-12-07 06:26:18.743612,205,2
1524,2019-12-07 06:26:18.751605,203,2
1525,2019-12-07 06:26:18.761598,123,2
1526,2019-12-07 06:26:18.767594,107,2
1527,2019-12-07 06:26:18.774589,71,2
1528,2019-12-07 06:26:18.779584,62,2
1529,2019-12-07 06:26:18.786580,22,2
1530,2019-12-07 06:26:18.791576,6,2
1531,2019-12-07 06:26:18.797572,214,2
1532,2019-12-07 06:26:18.802569,207,2
1533,2019-12-07 06:26:18.808566,442,2
1534,2019-12-07 06:26:18.814561,200,2
1535,2019-12-07 06:26:18.820556,371,2
1536,2019-12-07 06:26:18.825552,133,34
1537,2019-12-07 06:26:18.831131,206,2
1538,2019-12-07 06:26:18.837128,205,2
1539,2019-12-07 06:26:18.843125,203,2
1540,2019-12-07 06:26:18.848121,84,2
1541,2019-12-07 06:26:18.860112,123,2
1542,2019-12-07 06:26:18.867107,87,2
1543,2019-12-07 06:26:18.874103,84,2
1544,2019-12-07 06:26:18.881099,71,2
1545,2019-12-07 06:26:18.896087,412,2
1546,2019-12-07 06:26:18.913075,20,34
1547,2019-12-07 06:26:18.926066,32,34
1548,2019-12-07 06:26:18.934068,214,2
1549,2019-12-07 06:26:18.947051,413,34
1550,2019-12-07 06:26:18.955046,134,34
1551,2019-12-07 06:26:18.963041,430,2
1552,2019-12-07 06:26:18.970035,132,34
1553,2019-12-07 06:26:18.978030,14,34
1554,2019-12-07 06:26:18.999015,13,34
1555,2019-12-07 06:26:19.010007,488,34
1556,2019-12-07 06:26:19.021000,418,34
1557,2019-12-07 06:26:19.027994,194,34
1558,2019-12-07 06:26:19.034990,74,23
1559,2019-12-07 06:26:19.042984,199,2
1560,2019-12-07 06:26:19.049979,362,2
1561,2019-12-07 06:26:19.057973,207,2
1562,2019-12-07 06:26:19.064968,77,34
1563,2019-12-07 06:26:19.070963,371,2
1564,2019-12-07 06:26:19.076959,207,2
1565,2019-12-07 06:26:19.082955,206,2
1566,2019-12-07 06:26:19.088950,129,34
1567,2019-12-07 06:26:19.094946,203,2
1568,2019-12-07 06:26:19.100942,199,2
1569,2019-12-07 06:26:19.107937,123,2
1570,2019-12-07 06:26:19.113933,87,2
1571,2019-12-07 06:26:19.120928,205,2
1572,2019-12-07 06:26:19.126924,71,2
1573,2019-12-07 06:26:19.131920,83,2
1574,2019-12-07 06:26:19.137915,63,2
1575,2019-12-07 06:26:19.144911,438,2
1576,2019-12-07 06:26:19.150907,442,2
1577,2019-12-07 06:26:19.156903,479,2
1578,2019-12-07 06:26:19.163898,214,2
1579,2019-12-07 06:26:19.169893,71,2
1580,2019-12-07 06:26:19.176888,199,2
1581,2019-12-07 06:26:19.182884,430,2
1582,2019-12-07 06:26:19.189879,430,2
1583,2019-12-07 06:26:19.195875,179,30
1584,2019-12-07 06:26:19.201871,448,13
1585,2019-12-07 06:26:19.207867,124,30
1586,2019-12-07 06:26:19.213863,113,21
1587,2019-12-07 06:26:19.220857,446,21
1588,2019-12-07 06:26:19.227853,399,42
1589,2019-12-07 06:26:19.234848,397,42
1590,2019-12-07 06:26:19.241843,394,42
1591,2019-12-07 06:26:19.248839,94,37
1592,2019-12-07 06:26:19.256833,456,42
1593,2019-12-07 06:26:19.262828,186,30
1594,2019-12-07 06:26:19.268825,128,30
1595,2019-12-07 06:26:19.274820,459,30
1596,2019-12-07 06:26:19.280816,385,13
1597,2019-12-07 06:26:19.287811,179,30
1598,2019-12-07 06:26:19.293806,459,30
1599,2019-12-07 06:26:19.299802,480,30
1600,2019-12-07 06:26:19.305799,387,13
1601,2019-12-07 06:26:19.311794,128,30
1602,2019-12-07 06:26:19.318789,89,23
1603,2019-12-07 06:26:19.325784,112,21
1604,2019-12-07 06:26:19.332781,480,30
1605,2019-12-07 06:26:19.338775,124,30
1606,2019-12-07 06:26:19.344785,130,35
1607,2019-12-07 06:26:19.350766,369,7
1608,2019-12-07 06:26:19.357762,61,6
1609,2019-12-07 06:26:19.363757,60,6
1610,2019-12-07 06:26:19.370752,19,20
1611,2019-12-07 06:26:19.376748,74,23
1612,2019-12-07 06:26:19.382744,89,23
1613,2019-12-07 06:26:19.389739,138,20
1614,2019-12-07 06:26:19.396735,365,7
1615,2019-12-07 06:26:19.402730,74,23
1616,2019-12-07 06:26:19.409726,361,7
1617,2019-12-07 06:26:19.415721,363,7
1618,2019-12-07 06:26:19.421716,367,7
1619,2019-12-07 06:26:19.427713,138,20
1620,2019-12-07 06:26:19.435707,363,7
1621,2019-12-07 06:26:19.441702,365,7
1622,2019-12-07 06:26:19.447698,361,7
1623,2019-12-07 06:26:19.453694,455,42
1624,2019-12-07 06:26:19.459689,19,20
1625,2019-12-07 06:26:19.466685,427,7
1626,2019-12-07 06:26:19.472680,59,6
1627,2019-12-07 06:26:19.479676,113,21
1628,2019-12-07 06:26:19.486672,427,7
1629,2019-12-07 06:26:19.494666,138,20
1630,2019-12-07 06:26:19.502660,363,7
1631,2019-12-07 06:26:19.508655,112,21
1632,2019-12-07 06:26:19.514651,367,7
1633,2019-12-07 06:26:19.521647,361,7
1634,2019-12-07 06:26:19.527642,361,7
1635,2019-12-07 06:26:19.533639,365,7
1636,2019-12-07 06:26:19.539634,365,7
1637,2019-12-07 06:26:19.545629,446,21
1638,2019-12-07 06:26:19.551625,369,7
1639,2019-12-07 06:26:19.557620,427,7
1640,2019-12-07 06:26:19.563616,427,7
1641,2019-12-07 06:26:19.569612,183,39
1642,2019-12-07 06:26:19.575608,369,7
1643,2019-12-07 06:26:19.580604,367,7
1644,2019-12-07 06:26:19.586601,363,7
1645,2019-12-07 06:26:19.591597,35,13
1646,2019-12-07 06:26:19.597593,183,39
1647,2019-12-07 06:26:19.602589,398,42
1648,2019-12-07 06:26:19.607586,396,42
1649,2019-12-07 06:26:19.613582,393,42
1650,2019-12-07 06:26:19.618578,131,42
1651,2019-12-07 06:26:19.624574,35,13
1652,2019-12-07 06:26:19.631570,369,7
1653,2019-12-07 06:26:19.636565,183,39
1654,2019-12-07 06:26:19.642561,19,20
1655,2019-12-07 06:26:19.647559,122,27
1656,2019-12-07 06:26:19.653555,367,7
1657,2019-12-07 06:26:19.658550,56,2
1658,2019-12-07 06:26:19.663907,199,2
1659,2019-12-07 06:26:19.668904,200,2
1660,2019-12-07 06:26:19.673900,203,2
1661,2019-12-07 06:26:19.679895,4,2
1662,2019-12-07 06:26:19.684893,54,2
1663,2019-12-07 06:26:19.690888,425,2
1664,2019-12-07 06:26:19.696878,123,2
1665,2019-12-07 06:26:19.704869,55,2
1666,2019-12-07 06:26:19.711865,366,2
1667,2019-12-07 06:26:19.718860,364,2
1668,2019-12-07 06:26:19.724856,214,2
1669,2019-12-07 06:26:19.730853,205,2
1670,2019-12-07 06:26:19.738846,206,2
1671,2019-12-07 06:26:19.745842,6,2
1672,2019-12-07 06:26:19.751838,12,2
1673,2019-12-07 06:26:19.757832,52,2
1674,2019-12-07 06:26:19.764828,207,2
1675,2019-12-07 06:26:19.770825,412,2
1676,2019-12-07 06:26:19.776821,203,2
1677,2019-12-07 06:26:19.782816,442,2
1678,2019-12-07 06:26:19.788812,430,2
1679,2019-12-07 06:26:19.795808,205,2
1680,2019-12-07 06:26:19.800803,206,2
1681,2019-12-07 06:26:19.806799,430,2
1682,2019-12-07 06:26:19.812795,207,2
1683,2019-12-07 06:26:19.818790,430,2
1684,2019-12-07 06:26:19.824786,214,2
1685,2019-12-07 06:26:19.830782,62,2
1686,2019-12-07 06:26:19.836778,83,2
1687,2019-12-07 06:26:19.842774,84,2
1688,2019-12-07 06:26:19.848770,205,2
1689,2019-12-07 06:26:19.853766,87,2
1690,2019-12-07 06:26:19.859775,198,2
1691,2019-12-07 06:26:19.865774,458,2
1692,2019-12-07 06:26:19.871765,437,2
1693,2019-12-07 06:26:19.877761,426,2
1694,2019-12-07 06:26:19.882758,203,2
1695,2019-12-07 06:26:19.887754,207,2
1696,2019-12-07 06:26:19.893750,362,2
1697,2019-12-07 06:26:19.899746,214,2
1698,2019-12-07 06:26:19.904742,206,2
1699,2019-12-07 06:26:19.909738,368,2
1700,2019-12-07 06:26:19.915736,30,27
1701,2019-12-07 06:26:19.921730,26,21
1702,2019-12-07 06:26:19.926725,106,42
1703,2019-12-07 06:26:19.932722,481,42
1704,2019-12-07 06:26:19.938718,26,21
1705,2019-12-07 06:26:19.943744,45,25
1706,2019-12-07 06:26:19.949741,45,25
1707,2019-12-07 06:26:19.955738,40,24
1708,2019-12-07 06:26:19.962731,26,23
1709,2019-12-07 06:26:19.968728,26,23
1710,2019-12-07 06:26:19.975721,26,23
1711,2019-12-07 06:26:19.981717,89,23
1712,2019-12-07 06:26:19.988712,74,23
1713,2019-12-07 06:26:19.996708,26,23
1714,2019-12-07 06:26:20.003703,74,23
1715,2019-12-07 06:26:20.010698,26,23
1716,2019-12-07 06:26:20.016692,74,23
1717,2019-12-07 06:26:20.023687,74,23
1718,2019-12-07 06:26:20.029685,89,23
1719,2019-12-07 06:26:20.035681,74,23
1720,2019-12-07 06:26:20.041676,72,21
1721,2019-12-07 06:26:20.050670,74,23
1722,2019-12-07 06:26:20.056664,45,25
1723,2019-12-07 06:26:20.062663,45,25
1724,2019-12-07 06:26:20.068658,45,25
1725,2019-12-07 06:26:20.074652,38,23
1726,2019-12-07 06:26:20.080647,72,21
1727,2019-12-07 06:26:20.087643,45,25
1728,2019-12-07 06:26:20.092640,74,23
1729,2019-12-07 06:26:20.098635,74,23
1730,2019-12-07 06:26:20.104631,74,23
1731,2019-12-07 06:26:20.110626,40,24
1732,2019-12-07 06:26:20.116624,89,23
1733,2019-12-07 06:26:20.122619,89,23
1734,2019-12-07 06:26:20.128614,23,24
1735,2019-12-07 06:26:20.133611,30,27
1736,2019-12-07 06:26:20.140606,388,37
1737,2019-12-07 06:26:20.146602,449,37
1738,2019-12-07 06:26:20.152597,389,37
1739,2019-12-07 06:26:20.158593,388,37
1740,2019-12-07 06:26:20.164589,196,37
1741,2019-12-07 06:26:20.169585,196,37
1742,2019-12-07 06:26:20.175581,138,20
1743,2019-12-07 06:26:20.181577,389,37
1744,2019-12-07 06:26:20.186575,74,23
1745,2019-12-07 06:26:20.192570,138,20
1746,2019-12-07 06:26:20.198566,19,20
1747,2019-12-07 06:26:20.204560,449,37
1748,2019-12-07 06:26:20.210557,138,20
1749,2019-12-07 06:26:20.216553,19,20
1750,2019-12-07 06:26:20.221577,19,20
1751,2019-12-07 06:26:20.227574,74,23
1752,2019-12-07 06:26:20.233571,19,20
1753,2019-12-07 06:26:20.239565,138,20
1754,2019-12-07 06:26:20.245561,130,35
1755,2019-12-07 06:26:20.251556,23,24
1756,2019-12-07 06:26:20.258552,10,27
1757,2019-12-07 06:26:20.264548,89,23
1758,2019-12-07 06:26:20.270554,23,24
1759,2019-12-07 06:26:20.275550,364,2
1760,2019-12-07 06:26:20.281546,207,2
1761,2019-12-07 06:26:20.287543,430,2
1762,2019-12-07 06:26:20.292559,19,20
1763,2019-12-07 06:26:20.298554,320,2
1764,2019-12-07 06:26:20.305549,388,37
1765,2019-12-07 06:26:20.310547,321,2
1766,2019-12-07 06:26:20.317541,426,2
1767,2019-12-07 06:26:20.322538,83,2
1768,2019-12-07 06:26:20.328533,324,2
1769,2019-12-07 06:26:20.334529,323,2
1770,2019-12-07 06:26:20.340526,322,2
1771,2019-12-07 06:26:20.346520,214,2
1772,2019-12-07 06:26:20.352517,368,2
1773,2019-12-07 06:26:20.357512,449,37
1774,2019-12-07 06:26:20.363509,366,2
1775,2019-12-07 06:26:20.368505,72,2
1776,2019-12-07 06:26:20.375500,389,37
1777,2019-12-07 06:26:20.381496,83,2
1778,2019-12-07 06:26:20.387491,442,2
1779,2019-12-07 06:26:20.393487,84,2
1780,2019-12-07 06:26:20.399483,206,2
1781,2019-12-07 06:26:20.404481,203,2
1782,2019-12-07 06:26:20.410475,87,2
1783,2019-12-07 06:26:20.416471,205,2
1784,2019-12-07 06:26:20.422467,318,2
1785,2019-12-07 06:26:20.428464,19,20
1786,2019-12-07 06:26:20.434459,319,2
1787,2019-12-07 06:26:20.439454,442,2
1788,2019-12-07 06:26:20.445450,71,2
1789,2019-12-07 06:26:20.453445,87,2
1790,2019-12-07 06:26:20.459442,84,2
1791,2019-12-07 06:26:20.465437,327,1
1792,2019-12-07 06:26:20.470433,67,37
1793,2019-12-07 06:26:20.476429,325,1
1794,2019-12-07 06:26:20.482425,326,1
1795,2019-12-07 06:26:20.487421,330,1
1796,2019-12-07 06:26:20.494417,436,37
1797,2019-12-07 06:26:20.500412,328,1
1798,2019-12-07 06:26:20.506409,329,1
1799,2019-12-07 06:26:20.513403,95,37
1800,2019-12-07 06:26:20.519398,68,37
1801,2019-12-07 06:26:20.526394,112,21
1802,2019-12-07 06:26:20.533390,112,21
1803,2019-12-07 06:26:20.539386,113,21
1804,2019-12-07 06:26:20.545380,26,23
1805,2019-12-07 06:26:20.553375,446,21
1806,2019-12-07 06:26:20.559370,489,27
1807,2019-12-07 06:26:20.565366,446,21
1808,2019-12-07 06:26:20.571362,201,27
1809,2019-12-07 06:26:20.577342,113,21
1810,2019-12-07 06:26:20.583338,148,13
1811,2019-12-07 06:26:20.589335,149,13
1812,2019-12-07 06:26:20.595331,151,13
1813,2019-12-07 06:26:20.600327,149,13
1814,2019-12-07 06:26:20.606328,153,13
1815,2019-12-07 06:26:20.612318,147,13
1816,2019-12-07 06:26:20.618315,152,13
1817,2019-12-07 06:26:20.624310,152,13
1818,2019-12-07 06:26:20.629306,74,23
1819,2019-12-07 06:26:20.635333,45,25
1820,2019-12-07 06:26:20.641562,45,25
1821,2019-12-07 06:26:20.647558,45,25
1822,2019-12-07 06:26:20.653553,124,27
1823,2019-12-07 06:26:20.658549,373,37
1824,2019-12-07 06:26:20.664545,372,37
1825,2019-12-07 06:26:20.670541,431,37
1826,2019-12-07 06:26:20.676537,446,21
1827,2019-12-07 06:26:20.681533,375,37
1828,2019-12-07 06:26:20.687530,374,37
1829,2019-12-07 06:26:20.693525,74,23
1830,2019-12-07 06:26:20.698521,112,21
1831,2019-12-07 06:26:20.704518,74,23
1832,2019-12-07 06:26:20.710513,446,21
1833,2019-12-07 06:26:20.715509,112,21
1834,2019-12-07 06:26:20.721505,89,21
1835,2019-12-07 06:26:20.727500,89,23
1836,2019-12-07 06:26:20.733496,113,21
1837,2019-12-07 06:26:20.740492,113,21
1838,2019-12-07 06:26:20.746487,446,21
1839,2019-12-07 06:26:20.753485,113,21
1840,2019-12-07 06:26:20.759478,112,21
1841,2019-12-07 06:26:20.765474,113,21
1842,2019-12-07 06:26:20.771470,112,21
1843,2019-12-07 06:26:20.777466,113,21
1844,2019-12-07 06:26:20.783462,446,21
1845,2019-12-07 06:26:20.788458,112,21
1846,2019-12-07 06:26:20.793454,446,21
1847,2019-12-07 06:26:20.798451,113,21
1848,2019-12-07 06:26:20.804447,45,25
1849,2019-12-07 06:26:20.810443,113,21
1850,2019-12-07 06:26:20.815439,112,21
1851,2019-12-07 06:26:20.822435,449,37
1852,2019-12-07 06:26:20.827433,446,21
1853,2019-12-07 06:26:20.833426,389,37
1854,2019-12-07 06:26:20.839423,40,24
1855,2019-12-07 06:26:20.844419,112,21
1856,2019-12-07 06:26:20.851414,446,21
1857,2019-12-07 06:26:20.856411,388,37
1858,2019-12-07 06:26:20.862408,126,35
1859,2019-12-07 06:26:20.868402,183,39
1860,2019-12-07 06:26:20.874397,183,39
1861,2019-12-07 06:26:20.880394,23,24
1862,2019-12-07 06:26:20.886389,45,25
1863,2019-12-07 06:26:20.892384,59,6
1864,2019-12-07 06:26:20.898380,151,13
1865,2019-12-07 06:26:20.904377,60,6
1866,2019-12-07 06:26:20.909372,23,24
1867,2019-12-07 06:26:20.915369,26,23
1868,2019-12-07 06:26:20.920366,23,24
1869,2019-12-07 06:26:20.926361,152,13
1870,2019-12-07 06:26:20.931358,150,13
1871,2019-12-07 06:26:20.937354,61,6
1872,2019-12-07 06:26:20.942349,138,20
1873,2019-12-07 06:26:20.948346,429,20
1874,2019-12-07 06:26:20.953343,19,20
1875,2019-12-07 06:26:20.960338,38,23
1876,2019-12-07 06:26:20.966332,19,20
1877,2019-12-07 06:26:20.972328,19,20
1878,2019-12-07 06:26:20.978324,19,20
1879,2019-12-07 06:26:20.984320,23,24
1880,2019-12-07 06:26:20.990316,23,24
1881,2019-12-07 06:26:20.997311,138,20
1882,2019-12-07 06:26:21.004307,138,20
1883,2019-12-07 06:26:21.011302,138,20
1884,2019-12-07 06:26:21.017299,40,24
1885,2019-12-07 06:26:21.023293,112,21
1886,2019-12-07 06:26:21.028290,74,23
1887,2019-12-07 06:26:21.034285,40,24
1888,2019-12-07 06:26:21.039283,89,23
1889,2019-12-07 06:26:21.045277,74,23
1890,2019-12-07 06:26:21.051274,446,21
1891,2019-12-07 06:26:21.056269,74,23
1892,2019-12-07 06:26:21.062265,74,23
1893,2019-12-07 06:26:21.069260,74,23
1894,2019-12-07 06:26:21.074257,74,23
1895,2019-12-07 06:26:21.080253,40,24
1896,2019-12-07 06:26:21.085249,89,23
1897,2019-12-07 06:26:21.091245,113,21
1898,2019-12-07 06:26:21.097240,389,37
1899,2019-12-07 06:26:21.103237,19,20
1900,2019-12-07 06:26:21.108233,45,25
1901,2019-12-07 06:26:21.114228,388,37
1902,2019-12-07 06:26:21.124223,138,20
1903,2019-12-07 06:26:21.131217,449,37
1904,2019-12-07 06:26:21.138212,81,20
1905,2019-12-07 06:26:21.144208,112,21
1906,2019-12-07 06:26:21.150204,19,20
1907,2019-12-07 06:26:21.155744,446,21
1908,2019-12-07 06:26:21.162740,113,21
1909,2019-12-07 06:26:21.167921,26,23
1910,2019-12-07 06:26:21.173917,112,21
1911,2019-12-07 06:26:21.180914,446,21
1912,2019-12-07 06:26:21.187907,38,21
1913,2019-12-07 06:26:21.195902,113,21
1914,2019-12-07 06:26:21.203897,113,21
1915,2019-12-07 06:26:21.210892,112,21
1916,2019-12-07 06:26:21.218886,357,4
1917,2019-12-07 06:26:21.225881,452,4
1918,2019-12-07 06:26:21.233876,395,4
1919,2019-12-07 06:26:21.241869,138,20
1920,2019-12-07 06:26:21.249864,446,21
1921,2019-12-07 06:26:21.258859,421,4
1922,2019-12-07 06:26:21.267851,74,23
1923,2019-12-07 06:26:21.275845,48,4
1924,2019-12-07 06:26:21.285838,390,4
1925,2019-12-07 06:26:21.293833,23,24
1926,2019-12-07 06:26:21.301827,23,24
1927,2019-12-07 06:26:21.308823,99,22
1928,2019-12-07 06:26:21.316817,97,27
1929,2019-12-07 06:26:21.323812,103,22
1930,2019-12-07 06:26:21.331807,138,20
1931,2019-12-07 06:26:21.338802,94,37
1932,2019-12-07 06:26:21.345796,19,20
1933,2019-12-07 06:26:21.353791,138,20
1934,2019-12-07 06:26:21.360786,19,20
1935,2019-12-07 06:26:21.367781,19,20
1936,2019-12-07 06:26:21.375775,23,24
1937,2019-12-07 06:26:21.383769,89,21
1938,2019-12-07 06:26:21.391764,138,20
1939,2019-12-07 06:26:21.398759,23,24
1940,2019-12-07 06:26:21.405754,113,21
1941,2019-12-07 06:26:21.413748,23,24
1942,2019-12-07 06:26:21.420743,112,21
1943,2019-12-07 06:26:21.427739,45,25
1944,2019-12-07 06:26:21.433735,446,21
1945,2019-12-07 06:26:21.441728,112,21
1946,2019-12-07 06:26:21.447724,112,21
1947,2019-12-07 06:26:21.454722,446,21
1948,2019-12-07 06:26:21.460716,113,21
1949,2019-12-07 06:26:21.466712,113,21
1950,2019-12-07 06:26:21.473706,113,21
1951,2019-12-07 06:26:21.480703,45,25
1952,2019-12-07 06:26:21.487697,74,23
1953,2019-12-07 06:26:21.494762,89,21
1954,2019-12-07 06:26:21.501687,446,21
1955,2019-12-07 06:26:21.509681,38,23
1956,2019-12-07 06:26:21.516676,117,6
1957,2019-12-07 06:26:21.524671,446,21
1958,2019-12-07 06:26:21.531665,446,21
1959,2019-12-07 06:26:21.538660,89,21
1960,2019-12-07 06:26:21.545656,74,23
1961,2019-12-07 06:26:21.552651,112,21
1962,2019-12-07 06:26:21.560646,113,21
1963,2019-12-07 06:26:21.567641,117,10
1964,2019-12-07 06:26:21.573636,89,21
1965,2019-12-07 06:26:21.580631,113,21
1966,2019-12-07 06:26:21.587626,112,21
1967,2019-12-07 06:26:21.594622,100,9
1968,2019-12-07 06:26:21.600617,112,21
1969,2019-12-07 06:26:21.607612,446,21
1970,2019-12-07 06:26:21.614607,113,21
1971,2019-12-07 06:26:21.621603,23,24
1972,2019-12-07 06:26:21.628598,23,24
1973,2019-12-07 06:26:21.636592,446,21
1974,2019-12-07 06:26:21.643587,446,21
1975,2019-12-07 06:26:21.649583,112,21
1976,2019-12-07 06:26:21.656578,112,21
1977,2019-12-07 06:26:21.662573,113,21
1978,2019-12-07 06:26:21.668569,38,11
1979,2019-12-07 06:26:21.674566,113,11
1980,2019-12-07 06:26:21.680562,35,13
1981,2019-12-07 06:26:21.686557,19,20
1982,2019-12-07 06:26:21.692553,138,20
1983,2019-12-07 06:26:21.698549,89,21
1984,2019-12-07 06:26:21.703546,112,11
1985,2019-12-07 06:26:21.709541,74,13
1986,2019-12-07 06:26:21.714538,74,11
1987,2019-12-07 06:26:21.720532,74,23
1988,2019-12-07 06:26:21.726530,23,24
1989,2019-12-07 06:26:21.733525,40,24
1990,2019-12-07 06:26:21.740519,74,13
1991,2019-12-07 06:26:21.749513,74,13
1992,2019-12-07 06:26:21.756507,446,11
1993,2019-12-07 06:26:21.763504,35,13
1994,2019-12-07 06:26:21.769500,74,23
1995,2019-12-07 06:26:21.776494,74,13
1996,2019-12-07 06:26:21.782489,26,11
1997,2019-12-07 06:26:21.788486,81,20
1998,2019-12-07 06:26:21.795480,179,30
1999,2019-12-07 06:26:21.802475,186,30
2000,2019-12-07 06:26:21.809472,459,30
2001,2019-12-07 06:26:21.815467,124,30
2002,2019-12-07 06:26:21.822461,480,30
2003,2019-12-07 06:26:21.829456,23,24
2004,2019-12-07 06:26:21.836451,26,23
2005,2019-12-07 06:26:21.843446,40,24
2006,2019-12-07 06:26:21.849444,23,24
2007,2019-12-07 06:26:21.856437,194,27
2008,2019-12-07 06:26:21.862433,40,24
2009,2019-12-07 06:26:21.868428,138,20
2010,2019-12-07 06:26:21.875424,19,20
2011,2019-12-07 06:26:21.882419,23,24
2012,2019-12-07 06:26:21.888414,30,27
2013,2019-12-07 06:26:21.894411,38,23
2014,2019-12-07 06:26:21.900406,26,23
2015,2019-12-07 06:26:21.906403,411,9
2016,2019-12-07 06:26:21.912398,30,27
2017,2019-12-07 06:26:21.917395,124,27
2018,2019-12-07 06:26:21.923391,10,27
2019,2019-12-07 06:26:21.929386,40,24
2020,2019-12-07 06:26:21.935382,23,24
2021,2019-12-07 06:26:21.940378,360,37
2022,2019-12-07 06:26:21.946374,358,37
2023,2019-12-07 06:26:21.952370,89,23
2024,2019-12-07 06:26:21.957369,89,23
2025,2019-12-07 06:26:21.964361,492,34
2026,2019-12-07 06:26:21.970357,468,34
2027,2019-12-07 06:26:21.976355,154,34
2028,2019-12-07 06:26:21.981351,23,24
2029,2019-12-07 06:26:21.987346,379,34
2030,2019-12-07 06:26:21.994340,157,34
2031,2019-12-07 06:26:22.001336,487,27
2032,2019-12-07 06:26:22.008333,359,37
2033,2019-12-07 06:26:22.014328,79,21
2034,2019-12-07 06:26:22.020323,10,27
2035,2019-12-07 06:26:22.026321,80,21
2036,2019-12-07 06:26:22.032314,192,27
2037,2019-12-07 06:26:22.037310,423,37
2038,2019-12-07 06:26:22.043307,463,27
2039,2019-12-07 06:26:22.049303,194,27
2040,2019-12-07 06:26:22.055300,38,21
2041,2019-12-07 06:26:22.060295,26,23
2042,2019-12-07 06:26:22.066291,89,21
2043,2019-12-07 06:26:22.071288,488,27
2044,2019-12-07 06:26:22.077284,440,21
2045,2019-12-07 06:26:22.083279,19,20
2046,2019-12-07 06:26:22.088276,138,20
2047,2019-12-07 06:26:22.094271,459,30
2048,2019-12-07 06:26:22.100267,128,30
2049,2019-12-07 06:26:22.105265,45,25
2050,2019-12-07 06:26:22.112259,138,20
2051,2019-12-07 06:26:22.117255,480,30
2052,2019-12-07 06:26:22.123251,89,23
2053,2019-12-07 06:26:22.129247,45,25
2054,2019-12-07 06:26:22.135243,19,20
2055,2019-12-07 06:26:22.141238,47,4
2056,2019-12-07 06:26:22.146233,421,4
2057,2019-12-07 06:26:22.152230,185,4
2058,2019-12-07 06:26:22.158233,184,4
2059,2019-12-07 06:26:22.164228,457,4
2060,2019-12-07 06:26:22.170224,482,4
2061,2019-12-07 06:26:22.176220,355,4
2062,2019-12-07 06:26:22.181216,395,4
2063,2019-12-07 06:26:22.187212,390,4
2064,2019-12-07 06:26:22.192209,410,4
2065,2019-12-07 06:26:22.198205,357,4
2066,2019-12-07 06:26:22.204208,483,4
2067,2019-12-07 06:26:22.209207,23,24
2068,2019-12-07 06:26:22.215204,49,4
2069,2019-12-07 06:26:22.220200,184,4
2070,2019-12-07 06:26:22.226197,420,4
2071,2019-12-07 06:26:22.231192,23,24
2072,2019-12-07 06:26:22.237188,483,4
2073,2019-12-07 06:26:22.242185,467,4
2074,2019-12-07 06:26:22.248180,401,4
2075,2019-12-07 06:26:22.254178,35,13
2076,2019-12-07 06:26:22.259097,402,4
2077,2019-12-07 06:26:22.265093,35,13
2078,2019-12-07 06:26:22.271089,23,24
2079,2019-12-07 06:26:22.277084,74,23
2080,2019-12-07 06:26:22.282081,74,23
2081,2019-12-07 06:26:22.288077,89,23
2082,2019-12-07 06:26:22.296070,74,23
2083,2019-12-07 06:26:22.306064,19,20
2084,2019-12-07 06:26:22.312086,138,20
2085,2019-12-07 06:26:22.317091,38,21
2086,2019-12-07 06:26:22.324106,26,23
2087,2019-12-07 06:26:22.330102,38,21
2088,2019-12-07 06:26:22.335098,138,20
2089,2019-12-07 06:26:22.341094,446,21
2090,2019-12-07 06:26:22.346089,113,21
2091,2019-12-07 06:26:22.352086,112,21
2092,2019-12-07 06:26:22.356826,446,21
2093,2019-12-07 06:26:22.362823,113,21
2094,2019-12-07 06:26:22.369317,74,23
2095,2019-12-07 06:26:22.374314,19,20
2096,2019-12-07 06:26:22.381307,112,21
2097,2019-12-07 06:26:22.386332,446,21
2098,2019-12-07 06:26:22.392328,40,24
2099,2019-12-07 06:26:22.398299,112,21
2100,2019-12-07 06:26:22.404296,113,21
2101,2019-12-07 06:26:22.409292,113,21
2102,2019-12-07 06:26:22.415288,45,25
2103,2019-12-07 06:26:22.422149,45,25
2104,2019-12-07 06:26:22.428144,112,21
2105,2019-12-07 06:26:22.433142,446,21
2106,2019-12-07 06:26:22.439137,89,23
2107,2019-12-07 06:26:22.445142,74,23
2108,2019-12-07 06:26:22.451137,38,21
2109,2019-12-07 06:26:22.457099,380,37
2110,2019-12-07 06:26:22.462138,35,13
2111,2019-12-07 06:26:22.468144,197,41
2112,2019-12-07 06:26:22.474144,381,37
2113,2019-12-07 06:26:22.479223,35,13
2114,2019-12-07 06:26:22.485013,35,13
2115,2019-12-07 06:26:22.490142,445,37
2116,2019-12-07 06:26:22.496142,138,20
2117,2019-12-07 06:26:22.502138,19,20
2118,2019-12-07 06:26:22.509133,89,23
2119,2019-12-07 06:26:22.515129,38,23
2120,2019-12-07 06:26:22.521126,486,41
2121,2019-12-07 06:26:22.527121,383,37
2122,2019-12-07 06:26:22.534116,382,37
2123,2019-12-07 06:26:22.539113,23,24
2124,2019-12-07 06:26:22.544109,112,21
2125,2019-12-07 06:26:22.550105,113,21
2126,2019-12-07 06:26:22.556650,493,21
2127,2019-12-07 06:26:22.561647,89,21
2128,2019-12-07 06:26:22.568184,89,21
2129,2019-12-07 06:26:22.573480,490,21
2130,2019-12-07 06:26:22.578483,446,21
2131,2019-12-07 06:26:22.584904,144,21
2132,2019-12-07 06:26:22.590448,23,24
2133,2019-12-07 06:26:22.595496,495,21
2134,2019-12-07 06:26:22.601492,353,18
2135,2019-12-07 06:26:22.606501,113,21
2136,2019-12-07 06:26:22.612498,376,18
2137,2019-12-07 06:26:22.618492,377,18
2138,2019-12-07 06:26:22.624489,112,21
2139,2019-12-07 06:26:22.630485,40,24
2140,2019-12-07 06:26:22.636479,332,18
2141,2019-12-07 06:26:22.642476,378,18
2142,2019-12-07 06:26:22.647805,331,18
2143,2019-12-07 06:26:22.654801,403,18
2144,2019-12-07 06:26:22.659797,446,21
2145,2019-12-07 06:26:22.665121,419,18
2146,2019-12-07 06:26:22.671117,434,18
2147,2019-12-07 06:26:22.676114,477,18
2148,2019-12-07 06:26:22.682108,404,18
2149,2019-12-07 06:26:22.687122,352,18
2150,2019-12-07 06:26:22.693120,144,21
2151,2019-12-07 06:26:22.699115,138,20
2152,2019-12-07 06:26:22.704111,19,20
2153,2019-12-07 06:26:22.711109,38,21
2154,2019-12-07 06:26:22.717110,45,25
2155,2019-12-07 06:26:22.723103,74,23
2156,2019-12-07 06:26:22.729095,74,23
2157,2019-12-07 06:26:22.735092,26,23
2158,2019-12-07 06:26:22.742086,26,23
2159,2019-12-07 06:26:22.748081,23,24
2160,2019-12-07 06:26:22.754079,26,23
2161,2019-12-07 06:26:22.761073,74,23
2162,2019-12-07 06:26:22.766069,356,5
2163,2019-12-07 06:26:22.772065,355,5
2164,2019-12-07 06:26:22.777062,19,20
2165,2019-12-07 06:26:22.783058,72,41
2166,2019-12-07 06:26:22.789053,356,5
2167,2019-12-07 06:26:22.794048,357,5
2168,2019-12-07 06:26:22.800044,38,21
2169,2019-12-07 06:26:22.806041,357,5
2170,2019-12-07 06:26:22.811036,138,20
2171,2019-12-07 06:26:22.817034,356,5
2172,2019-12-07 06:26:22.822030,113,21
2173,2019-12-07 06:26:22.828027,421,5
2174,2019-12-07 06:26:22.834021,112,21
2175,2019-12-07 06:26:22.839018,144,21
2176,2019-12-07 06:26:22.845013,446,21
2177,2019-12-07 06:26:22.851010,89,21
2178,2019-12-07 06:26:22.858004,421,5
2179,2019-12-07 06:26:22.864001,355,5
2180,2019-12-07 06:26:22.869996,355,5
2181,2019-12-07 06:26:22.876991,421,5
2182,2019-12-07 06:26:22.881986,373,37
2183,2019-12-07 06:26:22.887982,372,37
2184,2019-12-07 06:26:22.893979,374,37
2185,2019-12-07 06:26:22.898976,138,20
2186,2019-12-07 06:26:22.904972,19,20
2187,2019-12-07 06:26:22.910967,89,21
2188,2019-12-07 06:26:22.916963,110,37
2189,2019-12-07 06:26:22.922960,382,37
2190,2019-12-07 06:26:22.928954,431,37
2191,2019-12-07 06:26:22.934951,445,37
2192,2019-12-07 06:26:22.940946,383,37
2193,2019-12-07 06:26:22.946942,375,37
2194,2019-12-07 06:26:22.951939,381,37
2195,2019-12-07 06:26:22.957935,38,21
2196,2019-12-07 06:26:22.963931,23,24
2197,2019-12-07 06:26:22.970924,40,24
2198,2019-12-07 06:26:22.976922,446,21
2199,2019-12-07 06:26:22.982917,144,21
2200,2019-12-07 06:26:22.988917,113,21
2201,2019-12-07 06:26:22.994913,23,24
2202,2019-12-07 06:26:23.002908,112,21
2203,2019-12-07 06:26:23.008904,35,13
2204,2019-12-07 06:26:23.015897,40,24
2205,2019-12-07 06:26:23.021892,74,23
2206,2019-12-07 06:26:23.027888,40,24
2207,2019-12-07 06:26:23.033885,40,24
2208,2019-12-07 06:26:23.038881,150,13
2209,2019-12-07 06:26:23.044877,151,13
2210,2019-12-07 06:26:23.049873,150,13
2211,2019-12-07 06:26:23.056869,145,13
2212,2019-12-07 06:26:23.062864,146,13
2213,2019-12-07 06:26:23.069859,74,13
2214,2019-12-07 06:26:23.076854,40,24
2215,2019-12-07 06:26:23.083851,152,13
2216,2019-12-07 06:26:23.090845,149,13
2217,2019-12-07 06:26:23.096841,151,13
2218,2019-12-07 06:26:23.103836,147,13
2219,2019-12-07 06:26:23.110831,74,13
2220,2019-12-07 06:26:23.116860,149,13
2221,2019-12-07 06:26:23.121856,74,13
2222,2019-12-07 06:26:23.127852,148,13
2223,2019-12-07 06:26:23.133848,74,13
2224,2019-12-07 06:26:23.139845,74,13
2225,2019-12-07 06:26:23.145840,447,41
2226,2019-12-07 06:26:23.152835,89,21
2227,2019-12-07 06:26:23.158831,194,27
2228,2019-12-07 06:26:23.165827,89,21
2229,2019-12-07 06:26:23.171821,386,41
2230,2019-12-07 06:26:23.176817,386,41
2231,2019-12-07 06:26:23.182813,384,41
2232,2019-12-07 06:26:23.187810,23,24
2233,2019-12-07 06:26:23.193805,384,41
2234,2019-12-07 06:26:23.198802,447,41
2235,2019-12-07 06:26:23.204611,340,11
2236,2019-12-07 06:26:23.209612,38,21
2237,2019-12-07 06:26:23.215612,342,11
2238,2019-12-07 06:26:23.221607,138,20
2239,2019-12-07 06:26:23.227603,19,20
2240,2019-12-07 06:26:23.232600,138,20
2241,2019-12-07 06:26:23.238596,19,20
2242,2019-12-07 06:26:23.244591,446,21
2243,2019-12-07 06:26:23.250586,344,11
2244,2019-12-07 06:26:23.256858,345,11
2245,2019-12-07 06:26:23.262856,185,5
2246,2019-12-07 06:26:23.268852,334,11
2247,2019-12-07 06:26:23.274848,113,21
2248,2019-12-07 06:26:23.280844,112,21
2249,2019-12-07 06:26:23.286839,483,5
2250,2019-12-07 06:26:23.292835,342,11
2251,2019-12-07 06:26:23.298831,74,23
2252,2019-12-07 06:26:23.303828,75,14
2253,2019-12-07 06:26:23.309825,420,5
2254,2019-12-07 06:26:23.314850,341,11
2255,2019-12-07 06:26:23.321815,49,5
2256,2019-12-07 06:26:23.326811,343,11
2257,2019-12-07 06:26:23.332807,340,11
2258,2019-12-07 06:26:23.338803,47,5
2259,2019-12-07 06:26:23.343862,184,5
2260,2019-12-07 06:26:23.349858,482,5
2261,2019-12-07 06:26:23.355510,482,5
2262,2019-12-07 06:26:23.364485,184,5
2263,2019-12-07 06:26:23.370192,74,23
2264,2019-12-07 06:26:23.376187,89,23
2265,2019-12-07 06:26:23.382185,410,5
2266,2019-12-07 06:26:23.389179,74,23
2267,2019-12-07 06:26:23.396174,74,23
2268,2019-12-07 06:26:23.402169,40,24
2269,2019-12-07 06:26:23.408166,40,24
2270,2019-12-07 06:26:23.414161,38,21
2271,2019-12-07 06:26:23.420159,89,23
2272,2019-12-07 06:26:23.426154,74,23
2273,2019-12-07 06:26:23.432149,38,23
2274,2019-12-07 06:26:23.438145,74,23
2275,2019-12-07 06:26:23.443160,89,23
2276,2019-12-07 06:26:23.448157,74,23
2277,2019-12-07 06:26:23.454151,30,27
2278,2019-12-07 06:26:23.459154,30,27
2279,2019-12-07 06:26:23.465164,30,27
2280,2019-12-07 06:26:23.470163,26,23
2281,2019-12-07 06:26:23.476158,74,23
2282,2019-12-07 06:26:23.481154,89,21
2283,2019-12-07 06:26:23.487150,38,21
2284,2019-12-07 06:26:23.492146,40,24
2285,2019-12-07 06:26:23.498142,40,24
2286,2019-12-07 06:26:23.504137,89,21
2287,2019-12-07 06:26:23.510134,40,24
2288,2019-12-07 06:26:23.516129,75,14
2289,2019-12-07 06:26:23.522124,38,21
2290,2019-12-07 06:26:23.528120,38,21
2291,2019-12-07 06:26:23.534117,146,13
2292,2019-12-07 06:26:23.541111,150,13
2293,2019-12-07 06:26:23.548108,151,13
2294,2019-12-07 06:26:23.554103,38,21
2295,2019-12-07 06:26:23.562098,335,31
2296,2019-12-07 06:26:23.569094,183,39
2297,2019-12-07 06:26:23.575087,89,21
2298,2019-12-07 06:26:23.582083,40,24
2299,2019-12-07 06:26:23.588078,127,37
2300,2019-12-07 06:26:23.594076,338,31
2301,2019-12-07 06:26:23.600070,339,31
2302,2019-12-07 06:26:23.606066,336,31
2303,2019-12-07 06:26:23.625053,337,31
2304,2019-12-07 06:26:23.631049,40,24
2305,2019-12-07 06:26:23.638044,333,31
2306,2019-12-07 06:26:23.644039,35,13
2307,2019-12-07 06:26:23.650035,35,13
2308,2019-12-07 06:26:23.656032,35,13
2309,2019-12-07 06:26:23.662027,89,23
2310,2019-12-07 06:26:23.668023,35,13
2311,2019-12-07 06:26:23.673019,288,11
2312,2019-12-07 06:26:23.679015,74,13
2313,2019-12-07 06:26:23.686010,40,24
2314,2019-12-07 06:26:23.692006,346,11
2315,2019-12-07 06:26:23.698001,38,23
2316,2019-12-07 06:26:23.703998,38,23
2317,2019-12-07 06:26:23.710992,40,24
2318,2019-12-07 06:26:23.716988,38,23
2319,2019-12-07 06:26:23.722983,35,13
2320,2019-12-07 06:26:23.729001,26,23
2321,2019-12-07 06:26:23.735027,74,13
2322,2019-12-07 06:26:23.740992,74,13
2323,2019-12-07 06:26:23.747987,26,23
2324,2019-12-07 06:26:23.753092,35,13
2325,2019-12-07 06:26:23.759035,26,23
2326,2019-12-07 06:26:23.764031,387,13
2327,2019-12-07 06:26:23.770026,23,24
2328,2019-12-07 06:26:23.776022,74,23
2329,2019-12-07 06:26:23.782018,74,23
2330,2019-12-07 06:26:23.788013,385,13
2331,2019-12-07 06:26:23.795009,448,13
2332,2019-12-07 06:26:23.802005,225,27
2333,2019-12-07 06:26:23.807999,463,27
2334,2019-12-07 06:26:23.813996,305,27
2335,2019-12-07 06:26:23.819991,226,27
2336,2019-12-07 06:26:23.824988,221,27
2337,2019-12-07 06:26:23.830984,223,27
2338,2019-12-07 06:26:23.835980,226,27
2339,2019-12-07 06:26:23.841976,313,27
2340,2019-12-07 06:26:23.847972,222,27
2341,2019-12-07 06:26:23.852977,400,41
2342,2019-12-07 06:26:23.858963,465,41
2343,2019-12-07 06:26:23.864959,362,2
2344,2019-12-07 06:26:23.870956,40,24
2345,2019-12-07 06:26:23.877950,357,5
2346,2019-12-07 06:26:23.883947,426,2
2347,2019-12-07 06:26:23.889942,206,2
2348,2019-12-07 06:26:23.895938,72,2
2349,2019-12-07 06:26:23.901933,71,2
2350,2019-12-07 06:26:23.907929,207,2
2351,2019-12-07 06:26:23.913925,368,2
2352,2019-12-07 06:26:23.918922,205,2
2353,2019-12-07 06:26:23.924917,89,21
2354,2019-12-07 06:26:23.930913,364,2
2355,2019-12-07 06:26:23.935912,366,2
2356,2019-12-07 06:26:23.941906,38,21
2357,2019-12-07 06:26:23.947903,214,2
2358,2019-12-07 06:26:23.953897,430,2
2359,2019-12-07 06:26:23.959893,38,21
2360,2019-12-07 06:26:23.965888,38,21
2361,2019-12-07 06:26:23.971885,421,5
2362,2019-12-07 06:26:23.978882,355,5
2363,2019-12-07 06:26:23.984875,203,2
2364,2019-12-07 06:26:23.990871,89,23
2365,2019-12-07 06:26:23.996866,40,24
2366,2019-12-07 06:26:24.003864,40,24
2367,2019-12-07 06:26:24.010859,89,21
2368,2019-12-07 06:26:24.016854,26,21
2369,2019-12-07 06:26:24.022851,38,21
2370,2019-12-07 06:26:24.028845,40,24
2371,2019-12-07 06:26:24.033840,40,24
2372,2019-12-07 06:26:24.039838,74,23
2373,2019-12-07 06:26:24.045833,74,23
2374,2019-12-07 06:26:24.050828,113,21
2375,2019-12-07 06:26:24.056826,40,24
2376,2019-12-07 06:26:24.062821,112,21
2377,2019-12-07 06:26:24.067817,38,21
2378,2019-12-07 06:26:24.073813,74,13
2379,2019-12-07 06:26:24.079809,26,21
2380,2019-12-07 06:26:24.084805,446,21
2381,2019-12-07 06:26:24.089802,38,21
2382,2019-12-07 06:26:24.095798,74,23
2383,2019-12-07 06:26:24.100794,26,21
2384,2019-12-07 06:26:24.105791,23,24
2385,2019-12-07 06:26:24.111786,19,20
2386,2019-12-07 06:26:24.117611,19,20
2387,2019-12-07 06:26:24.123608,138,20
2388,2019-12-07 06:26:24.129603,287,11
2389,2019-12-07 06:26:24.135598,19,20
2390,2019-12-07 06:26:24.141595,19,20
2391,2019-12-07 06:26:24.147591,288,11
2392,2019-12-07 06:26:24.153585,138,20
2393,2019-12-07 06:26:24.159583,217,11
2394,2019-12-07 06:26:24.165577,138,20
2395,2019-12-07 06:26:24.171574,138,20
2396,2019-12-07 06:26:24.176570,46,25
2397,2019-12-07 06:26:24.182565,46,25
2398,2019-12-07 06:26:24.188150,46,25
2399,2019-12-07 06:26:24.193146,40,24
2400,2019-12-07 06:26:24.199142,74,23
2401,2019-12-07 06:26:24.205138,26,21
2402,2019-12-07 06:26:24.211134,46,25
2403,2019-12-07 06:26:24.220846,74,23
2404,2019-12-07 06:26:24.226842,89,21
2405,2019-12-07 06:26:24.232837,38,21
2406,2019-12-07 06:26:24.237834,74,23
2407,2019-12-07 06:26:24.243836,26,21
2408,2019-12-07 06:26:24.249826,38,21
2409,2019-12-07 06:26:24.255853,40,24
2410,2019-12-07 06:26:24.260849,40,24
2411,2019-12-07 06:26:24.266845,19,20
2412,2019-12-07 06:26:24.272841,494,20
2413,2019-12-07 06:26:24.277837,138,20
2414,2019-12-07 06:26:24.283833,38,21
2415,2019-12-07 06:26:24.289829,38,21
